Category,Movie,Name,Winner,Year
Actor in a Leading Role,Crazy Heart,Jeff Bridges,Won,2010
Actor in a Leading Role,Up in the Air,George Clooney,Lost,2010
Actor in a Leading Role,A Single Man,Colin Firth,Lost,2010
Actor in a Leading Role,Invictus,Morgan Freeman,Lost,2010
Actor in a Leading Role,The Hurt Locker,Jeremy Renner,Lost,2010
Actor in a Supporting Role,Inglourious Basterds,Christoph Waltz,Won,2010
Actor in a Supporting Role,Invictus,Matt Damon,Lost,2010
Actor in a Supporting Role,The Messenger,Woody Harrelson,Lost,2010
Actor in a Supporting Role,The Last Station,Christopher Plummer,Lost,2010
Actor in a Supporting Role,The Lovely Bones,Stanley Tucci,Lost,2010
Actress in a Leading Role,The Blind Side,Sandra Bullock,Won,2010
Actress in a Leading Role,The Last Station,Helen Mirren,Lost,2010
Actress in a Leading Role,An Education,Carey Mulligan,Lost,2010
Actress in a Leading Role,Precious: Based on the Novel 'Push' by Sapphire,Gabourey Sidibe,Lost,2010
Actress in a Leading Role,Julie & Julia,Meryl Streep,Lost,2010
Actress in a Supporting Role,Precious: Based on the Novel 'Push' by Sapphire,Mo'Nique,Won,2010
Actress in a Supporting Role,Nine,Penélope Cruz,Lost,2010
Actress in a Supporting Role,Up in the Air,Vera Farmiga,Lost,2010
Actress in a Supporting Role,Crazy Heart,Maggie Gyllenhaal,Lost,2010
Actress in a Supporting Role,Up in the Air,Anna Kendrick,Lost,2010
Animated Feature Film,Up,Pete Docter,Won,2010
Animated Feature Film,Coraline,Henry Selick,Lost,2010
Animated Feature Film,Fantastic Mr. Fox,Wes Anderson,Lost,2010
Animated Feature Film,The Princess and the Frog,John Musker and Ron Clements,Lost,2010
Animated Feature Film,The Secret of Kells,Tomm Moore,Lost,2010
Art Direction,Avatar,Production Design: Rick Carter and Robert Stromberg; Set Decoration: Kim Sinclair,Won,2010
Art Direction,The Imaginarium of Doctor Parnassus,Production Design: Dave Warren and Anastasia Masaro; Set Decoration: Caroline Smith,Lost,2010
Art Direction,Nine,Production Design: John Myhre; Set Decoration: Gordon Sim,Lost,2010
Art Direction,Sherlock Holmes,Production Design: Sarah Greenwood; Set Decoration: Katie Spencer,Lost,2010
Art Direction,The Young Victoria,Production Design: Patrice Vermette; Set Decoration: Maggie Gray,Lost,2010
Cinematography,Avatar,Mauro Fiore,Won,2010
Cinematography,Harry Potter and the Half-Blood Prince,Bruno Delbonnel,Lost,2010
Cinematography,The Hurt Locker,Barry Ackroyd,Lost,2010
Cinematography,Inglourious Basterds,Robert Richardson,Lost,2010
Cinematography,The White Ribbon,Christian Berger,Lost,2010
Costume Design,The Young Victoria,Sandy Powell,Won,2010
Costume Design,Bright Star,Janet Patterson,Lost,2010
Costume Design,Coco before Chanel,Catherine Leterrier,Lost,2010
Costume Design,The Imaginarium of Doctor Parnassus,Monique Prudhomme,Lost,2010
Costume Design,Nine,Colleen Atwood,Lost,2010
Directing,The Hurt Locker,Kathryn Bigelow,Won,2010
Directing,Avatar,James Cameron,Lost,2010
Directing,Inglourious Basterds,Quentin Tarantino,Lost,2010
Directing,Precious: Based on the Novel 'Push' by Sapphire,Lee Daniels,Lost,2010
Directing,Up in the Air,Jason Reitman,Lost,2010
Documentary (Feature),The Cove,Louie Psihoyos and Fisher Stevens,Won,2010
Documentary (Feature),Burma VJ,Burma VJ,Lost,2010
Documentary (Feature),"Food, Inc.",Robert Kenner and Elise Pearlstein,Lost,2010
Documentary (Feature),The Most Dangerous Man in America: Daniel Ellsberg and the Pentagon Papers,Judith Ehrlich and Rick Goldsmith,Lost,2010
Documentary (Feature),Which Way Home,Rebecca Cammisa,Lost,2010
Documentary (Short Subject),Music by Prudence,Roger Ross Williams and Elinor Burkett,Won,2010
Documentary (Short Subject),China's Unnatural Disaster: The Tears of Sichuan Province,Jon Alpert and Matthew O'Neill,Lost,2010
Documentary (Short Subject),The Last Campaign of Governor Booth Gardner,Daniel Junge and Henry Ansbacher,Lost,2010
Documentary (Short Subject),The Last Truck: Closing of a GM Plant,Steven Bognar and Julia Reichert,Lost,2010
Documentary (Short Subject),,Bartek Konopka and Anna Wydra,Lost,2010
Film Editing,The Hurt Locker,Bob Murawski and Chris Innis,Won,2010
Film Editing,Avatar,"Stephen Rivkin, John Refoua and James Cameron",Lost,2010
Film Editing,District 9,Julian Clarke,Lost,2010
Film Editing,Inglourious Basterds,Sally Menke,Lost,2010
Film Editing,Precious: Based on the Novel 'Push' by Sapphire,Joe Klotz,Lost,2010
Foreign Language Film,The Secret in Their Eyes,Argentina,Won,2010
Foreign Language Film,Ajami,Israel,Lost,2010
Foreign Language Film,The Milk of Sorrow,Peru,Lost,2010
Foreign Language Film,A Prophet,France,Lost,2010
Foreign Language Film,The White Ribbon,Germany,Lost,2010
Irving G. Thalberg Memorial Award,,John Calley,Won,2010
Makeup,Star Trek,"Barney Burman, Mindy Hall and Joel Harlow",Won,2010
Makeup,Il Divo,Aldo Signoretti and Vittorio Sodano,Lost,2010
Makeup,The Young Victoria,Jon Henry Gordon and Jenny Shircore,Lost,2010
Music (Original Score),Up,Michael Giacchino,Won,2010
Music (Original Score),Avatar,James Horner,Lost,2010
Music (Original Score),Fantastic Mr. Fox,Alexandre Desplat,Lost,2010
Music (Original Score),The Hurt Locker,Marco Beltrami and Buck Sanders,Lost,2010
Music (Original Score),Sherlock Holmes,Hans Zimmer,Lost,2010
Music (Original Song),Crazy Heart,"The Weary Kind (Theme From Crazy Heart) in ""Crazy Heart"" Music and Lyric by Ryan Bingham and T Bone Burnett",Won,2010
Music (Original Song),The Princess and the Frog,"Almost There in ""The Princess and the Frog"" Music and Lyric by Randy Newman",Lost,2010
Music (Original Song),The Princess and the Frog,"Down In New Orleans in ""The Princess and the Frog"" Music and Lyric by Randy Newman",Lost,2010
Music (Original Song),Paris 36,"Loin De Paname in ""Paris 36"" Music by Reinhardt Wagner; Lyric by Frank Thomas",Lost,2010
Music (Original Song),Nine,"Take It All in ""Nine"" Music and Lyric by Maury Yeston",Lost,2010
Best Picture,The Hurt Locker,"Kathryn Bigelow, Mark Boal, Nicolas Chartier and Greg Shapiro, Producers",Won,2010
Best Picture,Avatar,"James Cameron and Jon Landau, Producers",Lost,2010
Best Picture,The Blind Side,"Gil Netter, Andrew A. Kosove and Broderick Johnson, Producers",Lost,2010
Best Picture,District 9,"Peter Jackson and Carolynne Cunningham, Producers",Lost,2010
Best Picture,An Education,"Finola Dwyer and Amanda Posey, Producers",Lost,2010
Best Picture,Inglourious Basterds,"Lawrence Bender, Producer",Lost,2010
Best Picture,Precious: Based on the Novel 'Push' by Sapphire,"Lee Daniels, Sarah Siegel-Magness and Gary Magness, Producers",Lost,2010
Best Picture,A Serious Man,"Joel Coen and Ethan Coen, Producers",Lost,2010
Best Picture,Up,"Jonas Rivera, Producer",Lost,2010
Best Picture,Up in the Air,"Daniel Dubiecki, Ivan Reitman and Jason Reitman, Producers",Lost,2010
Short Film (Animated),Logorama,Nicolas Schmerkin,Won,2010
Short Film (Animated),French Roast,Fabrice O. Joubert,Lost,2010
Short Film (Animated),Granny O'Grimm's Sleeping Beauty,Nicky Phelan and Darragh O'Connell,Lost,2010
Short Film (Animated),The Lady and the Reaper (La Dama y la Muerte),Javier Recio Gracia,Lost,2010
Short Film (Animated),A Matter of Loaf and Death,Nick Park,Lost,2010
Short Film (Live Action),The New Tenants,Joachim Back and Tivi Magnusson,Won,2010
Short Film (Live Action),The Door,Juanita Wilson and James Flynn,Lost,2010
Short Film (Live Action),Instead of Abracadabra,Patrik Eklund and Mathias Fjellström,Lost,2010
Short Film (Live Action),Kavi,Gregg Helvey,Lost,2010
Short Film (Live Action),Miracle Fish,Luke Doolan and Drew Bailey,Lost,2010
Sound Editing,The Hurt Locker,Paul N.J. Ottosson,Won,2010
Sound Editing,Avatar,Christopher Boyes and Gwendolyn Yates Whittle,Lost,2010
Sound Editing,Inglourious Basterds,Wylie Stateman,Lost,2010
Sound Editing,Star Trek,Mark Stoeckinger and Alan Rankin,Lost,2010
Sound Editing,Up,Michael Silvers and Tom Myers,Lost,2010
Sound Mixing,The Hurt Locker,Paul N.J. Ottosson and Ray Beckett,Won,2010
Sound Mixing,Avatar,"Christopher Boyes, Gary Summers, Andy Nelson and Tony Johnson",Lost,2010
Sound Mixing,Inglourious Basterds,"Michael Minkler, Tony Lamberti and Mark Ulano",Lost,2010
Sound Mixing,Star Trek,"Anna Behlmer, Andy Nelson and Peter J. Devlin",Lost,2010
Sound Mixing,Transformers: Revenge of the Fallen,"Greg P. Russell, Gary Summers and Geoffrey Patterson",Lost,2010
Visual Effects,Avatar,"Joe Letteri, Stephen Rosenbaum, Richard Baneham and Andrew R. Jones",Won,2010
Visual Effects,District 9,"Dan Kaufman, Peter Muyzers, Robert Habros and Matt Aitken",Lost,2010
Visual Effects,Star Trek,"Roger Guyett, Russell Earl, Paul Kavanagh and Burt Dalton",Lost,2010
Writing (Adapted Screenplay),Precious: Based on the Novel 'Push' by Sapphire,Screenplay by Geoffrey Fletcher,Won,2010
Writing (Adapted Screenplay),District 9,Written by Neill Blomkamp and Terri Tatchell,Lost,2010
Writing (Adapted Screenplay),An Education,Screenplay by Nick Hornby,Lost,2010
Writing (Adapted Screenplay),In the Loop,"Screenplay by Jesse Armstrong, Simon Blackwell, Armando Iannucci, Tony Roche",Lost,2010
Writing (Adapted Screenplay),Up in the Air,Screenplay by Jason Reitman and Sheldon Turner,Lost,2010
Writing (Original Screenplay),The Hurt Locker,Written by Mark Boal,Won,2010
Writing (Original Screenplay),Inglourious Basterds,Written by Quentin Tarantino,Lost,2010
Writing (Original Screenplay),The Messenger,Written by Alessandro Camon & Oren Moverman,Lost,2010
Writing (Original Screenplay),A Serious Man,Written by Joel Coen & Ethan Coen,Lost,2010
Writing (Original Screenplay),Up,"Screenplay by Bob Peterson, Pete Docter; Story by Pete Docter, Bob Peterson, Tom McCarthy",Lost,2010
Actor in a Leading Role,The King's Speech,Colin Firth,Won,2011
Actor in a Leading Role,Biutiful,Javier Bardem,Lost,2011
Actor in a Leading Role,True Grit,Jeff Bridges,Lost,2011
Actor in a Leading Role,The Social Network,Jesse Eisenberg,Lost,2011
Actor in a Leading Role,127 Hours,James Franco,Lost,2011
Actor in a Supporting Role,The Fighter,Christian Bale,Won,2011
Actor in a Supporting Role,Winter's Bone,John Hawkes,Lost,2011
Actor in a Supporting Role,The Town,Jeremy Renner,Lost,2011
Actor in a Supporting Role,The Kids Are All Right,Mark Ruffalo,Lost,2011
Actor in a Supporting Role,The King's Speech,Geoffrey Rush,Lost,2011
Actress in a Leading Role,Black Swan,Natalie Portman,Won,2011
Actress in a Leading Role,The Kids Are All Right,Annette Bening,Lost,2011
Actress in a Leading Role,Rabbit Hole,Nicole Kidman,Lost,2011
Actress in a Leading Role,Winter's Bone,Jennifer Lawrence,Lost,2011
Actress in a Leading Role,Blue Valentine,Michelle Williams,Lost,2011
Actress in a Supporting Role,The Fighter,Melissa Leo,Won,2011
Actress in a Supporting Role,The Fighter,Amy Adams,Lost,2011
Actress in a Supporting Role,The King's Speech,Helena Bonham Carter,Lost,2011
Actress in a Supporting Role,True Grit,Hailee Steinfeld,Lost,2011
Actress in a Supporting Role,Animal Kingdom,Jacki Weaver,Lost,2011
Animated Feature Film,Toy Story 3,Lee Unkrich,Won,2011
Animated Feature Film,How to Train Your Dragon,Chris Sanders and Dean DeBlois,Lost,2011
Animated Feature Film,The Illusionist,Sylvain Chomet,Lost,2011
Art Direction,Alice in Wonderland,Production Design: Robert Stromberg; Set Decoration: Karen O'Hara,Won,2011
Art Direction,Harry Potter and the Deathly Hallows Part 1,Production Design: Stuart Craig; Set Decoration: Stephenie McMillan,Lost,2011
Art Direction,Inception,Production Design: Guy Hendrix Dyas; Set Decoration: Larry Dias and Doug Mowat,Lost,2011
Art Direction,The King's Speech,Production Design: Eve Stewart; Set Decoration: Judy Farr,Lost,2011
Art Direction,True Grit,Production Design: Jess Gonchor; Set Decoration: Nancy Haigh,Lost,2011
Cinematography,Inception,Wally Pfister,Won,2011
Cinematography,Black Swan,Matthew Libatique,Lost,2011
Cinematography,The King's Speech,Danny Cohen,Lost,2011
Cinematography,The Social Network,Jeff Cronenweth,Lost,2011
Cinematography,True Grit,Roger Deakins,Lost,2011
Costume Design,Alice in Wonderland,Colleen Atwood,Won,2011
Costume Design,I Am Love,Antonella Cannarozzi,Lost,2011
Costume Design,The King's Speech,Jenny Beavan,Lost,2011
Costume Design,The Tempest,Sandy Powell,Lost,2011
Costume Design,True Grit,Mary Zophres,Lost,2011
Directing,The King's Speech,Tom Hooper,Won,2011
Directing,Black Swan,Darren Aronofsky,Lost,2011
Directing,The Fighter,David O. Russell,Lost,2011
Directing,The Social Network,David Fincher,Lost,2011
Directing,True Grit,Joel Coen and Ethan Coen,Lost,2011
Documentary (Feature),Inside Job,Charles Ferguson and Audrey Marrs,Won,2011
Documentary (Feature),Exit through the Gift Shop,Banksy and Jaimie D'Cruz,Lost,2011
Documentary (Feature),Gasland,Josh Fox and Trish Adlesic,Lost,2011
Documentary (Feature),Restrepo,Tim Hetherington and Sebastian Junger,Lost,2011
Documentary (Feature),Waste Land,Lucy Walker and Angus Aynsley,Lost,2011
Documentary (Short Subject),Strangers No More,Karen Goodman and Kirk Simon,Won,2011
Documentary (Short Subject),Killing in the Name,Jed Rothstein,Lost,2011
Documentary (Short Subject),Poster Girl,Sara Nesson and Mitchell W. Block,Lost,2011
Documentary (Short Subject),Sun Come Up,Jennifer Redfearn and Tim Metzger,Lost,2011
Documentary (Short Subject),The Warriors of Qiugang,Ruby Yang and Thomas Lennon,Lost,2011
Film Editing,The Social Network,Angus Wall and Kirk Baxter,Won,2011
Film Editing,Black Swan,Andrew Weisblum,Lost,2011
Film Editing,The Fighter,Pamela Martin,Lost,2011
Film Editing,The King's Speech,Tariq Anwar,Lost,2011
Film Editing,127 Hours,Jon Harris,Lost,2011
Foreign Language Film,In a Better World,Denmark,Won,2011
Foreign Language Film,Biutiful,Mexico,Lost,2011
Foreign Language Film,Dogtooth,Greece,Lost,2011
Foreign Language Film,Incendies,Canada,Lost,2011
Foreign Language Film,Outside the Law (Hors-la-loi),Algeria,Lost,2011
Irving G. Thalberg Memorial Award,,Francis Ford Coppola,Won,2011
Makeup,The Wolfman,Rick Baker and Dave Elsey,Won,2011
Makeup,Barney's Version,Adrien Morot,Lost,2011
Makeup,The Way Back,"Edouard F. Henriques, Gregory Funk and Yolanda Toussieng",Lost,2011
Music (Original Score),The Social Network,Trent Reznor and Atticus Ross,Won,2011
Music (Original Score),How to Train Your Dragon,John Powell,Lost,2011
Music (Original Score),Inception,Hans Zimmer,Lost,2011
Music (Original Score),The King's Speech,Alexandre Desplat,Lost,2011
Music (Original Score),127 Hours,A.R. Rahman,Lost,2011
Music (Original Song),Toy Story 3,"We Belong Together in ""Toy Story 3"" Music and Lyric by Randy Newman",Won,2011
Music (Original Song),Country Strong,"Coming Home in ""Country Strong"" Music and Lyric by Tom Douglas, Troy Verges and Hillary Lindsey",Lost,2011
Music (Original Song),Tangled,"I See The Light in ""Tangled"" Music by Alan Menken; Lyric by Glenn Slater",Lost,2011
Music (Original Song),127 Hours,"If I Rise in ""127 Hours"" Music by A.R. Rahman; Lyric by Dido and Rollo Armstrong",Lost,2011
Best Picture,The King's Speech,"Iain Canning, Emile Sherman and Gareth Unwin, Producers",Won,2011
Best Picture,Black Swan,"Mike Medavoy, Brian Oliver and Scott Franklin, Producers",Lost,2011
Best Picture,The Fighter,"David Hoberman, Todd Lieberman and Mark Wahlberg, Producers",Lost,2011
Best Picture,Inception,"Emma Thomas and Christopher Nolan, Producers",Lost,2011
Best Picture,The Kids Are All Right,"Gary Gilbert, Jeffrey Levy-Hinte and Celine Rattray, Producers",Lost,2011
Best Picture,127 Hours,"Christian Colson, Danny Boyle and John Smithson, Producers",Lost,2011
Best Picture,The Social Network,The Social Network,Lost,2011
Best Picture,Toy Story 3,"Darla K. Anderson, Producer",Lost,2011
Best Picture,True Grit,"Scott Rudin, Ethan Coen and Joel Coen, Producers",Lost,2011
Best Picture,Winter's Bone,"Anne Rosellini and Alix Madigan-Yorkin, Producers",Lost,2011
Short Film (Animated),The Lost Thing,Shaun Tan and Andrew Ruhemann,Won,2011
Short Film (Animated),Day & Night,Teddy Newton,Lost,2011
Short Film (Animated),The Gruffalo,Jakob Schuh and Max Lang,Lost,2011
Short Film (Animated),Let's Pollute,Geefwee Boedoe,Lost,2011
Short Film (Animated),"Madagascar, carnet de voyage (Madagascar, a Journey Diary)",Bastien Dubois,Lost,2011
Short Film (Live Action),God of Love,Luke Matheny,Won,2011
Short Film (Live Action),The Confession,Tanel Toom,Lost,2011
Short Film (Live Action),The Crush,Michael Creagh,Lost,2011
Short Film (Live Action),Na Wewe,Ivan Goldschmidt,Lost,2011
Short Film (Live Action),Wish 143,Ian Barnes and Samantha Waite,Lost,2011
Sound Editing,Inception,Richard King,Won,2011
Sound Editing,Toy Story 3,Tom Myers and Michael Silvers,Lost,2011
Sound Editing,Tron: Legacy,Gwendolyn Yates Whittle and Addison Teague,Lost,2011
Sound Editing,True Grit,Skip Lievsay and Craig Berkey,Lost,2011
Sound Editing,Unstoppable,Mark P. Stoeckinger,Lost,2011
Sound Mixing,Inception,"Lora Hirschberg, Gary A. Rizzo and Ed Novick",Won,2011
Sound Mixing,The King's Speech,"Paul Hamblin, Martin Jensen and John Midgley",Lost,2011
Sound Mixing,Salt,"Jeffrey J. Haboush, Greg P. Russell, Scott Millan and William Sarokin",Lost,2011
Sound Mixing,The Social Network,"Ren Klyce, David Parker, Michael Semanick and Mark Weingarten",Lost,2011
Sound Mixing,True Grit,"Skip Lievsay, Craig Berkey, Greg Orloff and Peter F. Kurland",Lost,2011
Visual Effects,Inception,"Paul Franklin, Chris Corbould, Andrew Lockley and Peter Bebb",Won,2011
Visual Effects,Alice in Wonderland,"Ken Ralston, David Schaub, Carey Villegas and Sean Phillips",Lost,2011
Visual Effects,Harry Potter and the Deathly Hallows Part 1,"Tim Burke, John Richardson, Christian Manz and Nicolas Aithadi",Lost,2011
Visual Effects,Hereafter,"Michael Owens, Bryan Grill, Stephan Trojansky and Joe Farrell",Lost,2011
Visual Effects,Iron Man 2,"Janek Sirrs, Ben Snow, Ged Wright and Daniel Sudick",Lost,2011
Writing (Adapted Screenplay),The Social Network,Screenplay by Aaron Sorkin,Won,2011
Writing (Adapted Screenplay),127 Hours,Screenplay by Danny Boyle & Simon Beaufoy,Lost,2011
Writing (Adapted Screenplay),Toy Story 3,"Screenplay by Michael Arndt; Story by John Lasseter, Andrew Stanton and Lee Unkrich",Lost,2011
Writing (Adapted Screenplay),True Grit,Written for the screen by Joel Coen & Ethan Coen,Lost,2011
Writing (Adapted Screenplay),Winter's Bone,Adapted for the screen by Debra Granik & Anne Rosellini,Lost,2011
Writing (Original Screenplay),The King's Speech,Screenplay by David Seidler,Won,2011
Writing (Original Screenplay),Another Year,Written by Mike Leigh,Lost,2011
Writing (Original Screenplay),The Fighter,Screenplay by Scott Silver and Paul Tamasy & Eric Johnson; Story by Keith Dorrington & Paul Tamasy & Eric Johnson,Lost,2011
Writing (Original Screenplay),Inception,Written by Christopher Nolan,Lost,2011
Writing (Original Screenplay),The Kids Are All Right,Written by Lisa Cholodenko & Stuart Blumberg,Lost,2011
Actor in a Leading Role,The Artist,Jean Dujardin,Won,2012
Actor in a Leading Role,Demián Bichir,A Better Life,Lost,2012
Actor in a Leading Role,The Descendants,George Clooney,Lost,2012
Actor in a Leading Role,Tinker Tailor Soldier Spy,Gary Oldman,Lost,2012
Actor in a Leading Role,Moneyball,Brad Pitt,Lost,2012
Actor in a Supporting Role,Beginners,Christopher Plummer,Won,2012
Actor in a Supporting Role,My Week with Marilyn,Kenneth Branagh,Lost,2012
Actor in a Supporting Role,Moneyball,Jonah Hill,Lost,2012
Actor in a Supporting Role,Warrior,Nick Nolte,Lost,2012
Actor in a Supporting Role,Extremely Loud & Incredibly Close,Max von Sydow,Lost,2012
Actress in a Leading Role,The Iron Lady,Meryl Streep,Won,2012
Actress in a Leading Role,Albert Nobbs,Glenn Close,Lost,2012
Actress in a Leading Role,The Help,Viola Davis,Lost,2012
Actress in a Leading Role,The Girl with the Dragon Tattoo,Rooney Mara,Lost,2012
Actress in a Leading Role,My Week with Marilyn,Michelle Williams,Lost,2012
Actress in a Supporting Role,The Help,Octavia Spencer,Won,2012
Actress in a Supporting Role,The Artist,Bérénice Bejo,Lost,2012
Actress in a Supporting Role,The Help,Jessica Chastain,Lost,2012
Actress in a Supporting Role,Bridesmaids,Melissa McCarthy,Lost,2012
Actress in a Supporting Role,Albert Nobbs,Janet McTeer,Lost,2012
Animated Feature Film,Rango,Gore Verbinski,Won,2012
Animated Feature Film,A Cat in Paris,Alain Gagnol and Jean-Loup Felicioli,Lost,2012
Animated Feature Film,Chico & Rita,Fernando Trueba and Javier Mariscal,Lost,2012
Animated Feature Film,Kung Fu Panda 2,Jennifer Yuh Nelson,Lost,2012
Animated Feature Film,Puss in Boots,Chris Miller,Lost,2012
Art Direction,Hugo,Production Design: Dante Ferretti; Set Decoration: Francesca Lo Schiavo,Won,2012
Art Direction,The Artist,Production Design: Laurence Bennett; Set Decoration: Robert Gould,Lost,2012
Art Direction,Harry Potter and the Deathly Hallows Part 2,Production Design: Stuart Craig; Set Decoration: Stephenie McMillan,Lost,2012
Art Direction,Midnight in Paris,Production Design: Anne Seibel; Set Decoration: Hélène Dubreuil,Lost,2012
Art Direction,War Horse,Production Design: Rick Carter; Set Decoration: Lee Sandales,Lost,2012
Cinematography,Hugo,Robert Richardson,Won,2012
Cinematography,The Artist,Guillaume Schiffman,Lost,2012
Cinematography,The Girl with the Dragon Tattoo,Jeff Cronenweth,Lost,2012
Cinematography,The Tree of Life,Emmanuel Lubezki,Lost,2012
Cinematography,War Horse,Janusz Kaminski,Lost,2012
Costume Design,The Artist,Mark Bridges,Won,2012
Costume Design,Anonymous,Lisy Christl,Lost,2012
Costume Design,Hugo,Sandy Powell,Lost,2012
Costume Design,Jane Eyre,Michael O'Connor,Lost,2012
Costume Design,W.E.,Arianne Phillips,Lost,2012
Directing,The Artist,Michel Hazanavicius,Won,2012
Directing,The Descendants,Alexander Payne,Lost,2012
Directing,Hugo,Martin Scorsese,Lost,2012
Directing,Midnight in Paris,Woody Allen,Lost,2012
Directing,The Tree of Life,Terrence Malick,Lost,2012
Documentary (Feature),Undefeated,"TJ Martin, Dan Lindsay and Rich Middlemas",Won,2012
Documentary (Feature),Hell and Back Again,Danfung Dennis and Mike Lerner,Lost,2012
Documentary (Feature),If a Tree Falls: A Story of the Earth Liberation Front,Marshall Curry and Sam Cullman,Lost,2012
Documentary (Feature),Paradise Lost 3: Purgatory,Joe Berlinger and Bruce Sinofsky,Lost,2012
Documentary (Feature),Pina,Wim Wenders and Gian-Piero Ringel,Lost,2012
Documentary (Short Subject),Saving Face,Daniel Junge and Sharmeen Obaid-Chinoy,Won,2012
Documentary (Short Subject),The Barber of Birmingham: Foot Soldier of the Civil Rights Movement,Robin Fryday and Gail Dolgin,Lost,2012
Documentary (Short Subject),God Is the Bigger Elvis,Rebecca Cammisa and Julie Anderson,Lost,2012
Documentary (Short Subject),Incident in New Baghdad,James Spione,Lost,2012
Documentary (Short Subject),The Tsunami and the Cherry Blossom,Lucy Walker and Kira Carstensen,Lost,2012
Film Editing,The Girl with the Dragon Tattoo,Kirk Baxter and Angus Wall,Won,2012
Film Editing,The Artist,Anne-Sophie Bion and Michel Hazanavicius,Lost,2012
Film Editing,The Descendants,Kevin Tent,Lost,2012
Film Editing,Hugo,Thelma Schoonmaker,Lost,2012
Film Editing,Moneyball,Christopher Tellefsen,Lost,2012
Foreign Language Film,A Separation,Iran,Won,2012
Foreign Language Film,Bullhead,Belgium,Lost,2012
Foreign Language Film,Footnote,Israel,Lost,2012
Foreign Language Film,In Darkness,Poland,Lost,2012
Foreign Language Film,Monsieur Lazhar,Canada,Lost,2012
Jean Hersholt Humanitarian Award,,Oprah Winfrey,Won,2012
Makeup,The Iron Lady,Mark Coulier and J. Roy Helland,Won,2012
Makeup,Albert Nobbs,"Martial Corneville, Lynn Johnston and Matthew W. Mungle",Lost,2012
Makeup,Harry Potter and the Deathly Hallows Part 2,"Nick Dudman, Amanda Knight and Lisa Tomblin",Lost,2012
Music (Original Score),The Artist,Ludovic Bource,Won,2012
Music (Original Score),The Adventures of Tintin,John Williams,Lost,2012
Music (Original Score),Hugo,Howard Shore,Lost,2012
Music (Original Score),Tinker Tailor Soldier Spy,Alberto Iglesias,Lost,2012
Music (Original Score),War Horse,John Williams,Lost,2012
Music (Original Song),The Muppets,"""Man Or Muppet"" in The Muppets; Music and Lyric by Bret McKenzie",Won,2012
Music (Original Song),Rio,"Real In Rio in ""Rio"" Music by Sergio Mendes and Carlinhos Brown; Lyric by Siedah Garrett",Lost,2012
Best Picture,The Artist,"Thomas Langmann, Producer",Won,2012
Best Picture,The Descendants,"Jim Burke, Alexander Payne and Jim Taylor, Producers",Lost,2012
Best Picture,Extremely Loud & Incredibly Close,"Scott Rudin, Producer",Lost,2012
Best Picture,The Help,"Brunson Green, Chris Columbus and Michael Barnathan, Producers",Lost,2012
Best Picture,Hugo,"Graham King and Martin Scorsese, Producers",Lost,2012
Best Picture,Midnight in Paris,"Letty Aronson and Stephen Tenenbaum, Producers",Lost,2012
Best Picture,Moneyball,"Michael De Luca, Rachael Horovitz and Brad Pitt, Producers",Lost,2012
Best Picture,The Tree of Life,"Sarah Green, Bill Pohlad, Dede Gardner and Grant Hill, Producers",Lost,2012
Best Picture,War Horse,"Steven Spielberg and Kathleen Kennedy, Producers",Lost,2012
Short Film (Animated),The Fantastic Flying Books of Mr. Morris Lessmore,William Joyce and Brandon Oldenburg,Won,2012
Short Film (Animated),Dimanche/Sunday,Patrick Doyon,Lost,2012
Short Film (Animated),La Luna,Enrico Casarosa,Lost,2012
Short Film (Animated),A Morning Stroll,Grant Orchard and Sue Goffe,Lost,2012
Short Film (Animated),Wild Life,Amanda Forbis and Wendy Tilby,Lost,2012
Short Film (Live Action),The Shore,Terry George and Oorlagh George,Won,2012
Short Film (Live Action),Pentecost,Peter McDonald and Eimear O'Kane,Lost,2012
Short Film (Live Action),Raju,Max Zähle and Stefan Gieren,Lost,2012
Short Film (Live Action),Time Freak,Andrew Bowler and Gigi Causey,Lost,2012
Sound Editing,Hugo,Philip Stockton and Eugene Gearty,Won,2012
Sound Editing,Drive,Lon Bender and Victor Ray Ennis,Lost,2012
Sound Editing,The Girl with the Dragon Tattoo,Ren Klyce,Lost,2012
Sound Editing,Transformers: Dark of the Moon,Ethan Van der Ryn and Erik Aadahl,Lost,2012
Sound Editing,War Horse,Richard Hymns and Gary Rydstrom,Lost,2012
Sound Mixing,Hugo,Tom Fleischman and John Midgley,Won,2012
Sound Mixing,The Girl with the Dragon Tattoo,"David Parker, Michael Semanick, Ren Klyce and Bo Persson",Lost,2012
Sound Mixing,Moneyball,"Deb Adair, Ron Bochar, David Giammarco and Ed Novick",Lost,2012
Sound Mixing,Transformers: Dark of the Moon,"Greg P. Russell, Gary Summers, Jeffrey J. Haboush and Peter J. Devlin",Lost,2012
Sound Mixing,War Horse,"Gary Rydstrom, Andy Nelson, Tom Johnson and Stuart Wilson",Lost,2012
Visual Effects,Hugo,"Rob Legato, Joss Williams, Ben Grossmann and Alex Henning",Won,2012
Visual Effects,Harry Potter and the Deathly Hallows Part 2,"Tim Burke, David Vickery, Greg Butler and John Richardson",Lost,2012
Visual Effects,Real Steel,"Erik Nash, John Rosengrant, Dan Taylor and Swen Gillberg",Lost,2012
Visual Effects,Rise of the Planet of the Apes,"Joe Letteri, Dan Lemmon, R. Christopher White and Daniel Barrett",Lost,2012
Visual Effects,Transformers: Dark of the Moon,"Scott Farrar, Scott Benza, Matthew Butler and John Frazier",Lost,2012
Writing (Adapted Screenplay),The Descendants,Screenplay by Alexander Payne and Nat Faxon & Jim Rash,Won,2012
Writing (Adapted Screenplay),Hugo,Screenplay by John Logan,Lost,2012
Writing (Adapted Screenplay),The Ides of March,Screenplay by George Clooney & Grant Heslov and Beau Willimon,Lost,2012
Writing (Adapted Screenplay),Moneyball,Screenplay by Steven Zaillian and Aaron Sorkin; Story by Stan Chervin,Lost,2012
Writing (Adapted Screenplay),Tinker Tailor Soldier Spy,Screenplay by Bridget O'Connor & Peter Straughan,Lost,2012
Writing (Original Screenplay),Midnight in Paris,Written by Woody Allen,Won,2012
Writing (Original Screenplay),The Artist,Written by Michel Hazanavicius,Lost,2012
Writing (Original Screenplay),Bridesmaids,Written by Annie Mumolo & Kristen Wiig,Lost,2012
Writing (Original Screenplay),Margin Call,Written by J.C. Chandor,Lost,2012
Writing (Original Screenplay),A Separation,Written by Asghar Farhadi,Lost,2012
Actor in a Leading Role,Lincoln,Daniel Day-Lewis,Won,2013
Actor in a Leading Role,Silver Linings Playbook,Bradley Cooper,Lost,2013
Actor in a Leading Role,Les Misérables,Hugh Jackman,Lost,2013
Actor in a Leading Role,The Master,Joaquin Phoenix,Lost,2013
Actor in a Leading Role,Flight,Denzel Washington,Lost,2013
Actor in a Supporting Role,Django Unchained,Christoph Waltz,Won,2013
Actor in a Supporting Role,Argo,Alan Arkin,Lost,2013
Actor in a Supporting Role,Silver Linings Playbook,Robert De Niro,Lost,2013
Actor in a Supporting Role,The Master,Philip Seymour Hoffman,Lost,2013
Actor in a Supporting Role,Lincoln,Tommy Lee Jones,Lost,2013
Actress in a Leading Role,Silver Linings Playbook,Jennifer Lawrence,Won,2013
Actress in a Leading Role,Zero Dark Thirty,Jessica Chastain,Lost,2013
Actress in a Leading Role,Amour,Emmanuelle Riva,Lost,2013
Actress in a Leading Role,Beasts of the Southern Wild,Quvenzhané Wallis,Lost,2013
Actress in a Leading Role,The Impossible,Naomi Watts,Lost,2013
Actress in a Supporting Role,Les Misérables,Anne Hathaway,Won,2013
Actress in a Supporting Role,The Master,Amy Adams,Lost,2013
Actress in a Supporting Role,Lincoln,Sally Field,Lost,2013
Actress in a Supporting Role,The Sessions,Helen Hunt,Lost,2013
Actress in a Supporting Role,Silver Linings Playbook,Jacki Weaver,Lost,2013
Animated Feature Film,Brave,Mark Andrews and Brenda Chapman,Won,2013
Animated Feature Film,Frankenweenie,Tim Burton,Lost,2013
Animated Feature Film,ParaNorman,Sam Fell and Chris Butler,Lost,2013
Animated Feature Film,The Pirates! Band of Misfits,Peter Lord,Lost,2013
Animated Feature Film,Wreck-It Ralph,Rich Moore,Lost,2013
Cinematography,Life of Pi,Claudio Miranda,Won,2013
Cinematography,Anna Karenina,Seamus McGarvey,Lost,2013
Cinematography,Django Unchained,Robert Richardson,Lost,2013
Cinematography,Lincoln,Janusz Kaminski,Lost,2013
Cinematography,Skyfall,Roger Deakins,Lost,2013
Costume Design,Anna Karenina,Jacqueline Durran,Won,2013
Costume Design,Les Mis_rables,Paco Delgado,Lost,2013
Costume Design,Lincoln,Joanna Johnston,Lost,2013
Costume Design,Mirror Mirror,Eiko Ishioka,Lost,2013
Costume Design,Snow White and the Huntsman,Colleen Atwood,Lost,2013
Directing,Life of Pi,Ang Lee,Won,2013
Directing,Amour,Michael Haneke,Lost,2013
Directing,Beasts of the Southern Wild,Benh Zeitlin,Lost,2013
Directing,Lincoln,Steven Spielberg,Lost,2013
Directing,Silver Linings Playbook,David O. Russell,Lost,2013
Documentary (Feature),Searching for Sugar Man,Malik Bendjelloul and Simon Chinn,Won,2013
Documentary (Feature),5 Broken Cameras,Emad Burnat and Guy Davidi,Lost,2013
Documentary (Feature),The Gatekeepers,"Dror Moreh, Philippa Kowarsky and Estelle Fialon",Lost,2013
Documentary (Feature),How to Survive a Plague,David France and Howard Gertler,Lost,2013
Documentary (Feature),The Invisible War,Kirby Dick and Amy Ziering,Lost,2013
Documentary (Short Subject),Inocente,Sean Fine and Andrea Nix Fine,Won,2013
Documentary (Short Subject),Kings Point,Sari Gilman and Jedd Wider,Lost,2013
Documentary (Short Subject),Mondays at Racine,Cynthia Wade and Robin Honan,Lost,2013
Documentary (Short Subject),Open Heart,Kief Davidson and Cori Shepherd Stern,Lost,2013
Documentary (Short Subject),Redemption,Jon Alpert and Matthew O'Neill,Lost,2013
Film Editing,Argo,William Goldenberg,Won,2013
Film Editing,Life of Pi,Tim Squyres,Lost,2013
Film Editing,Lincoln,Michael Kahn,Lost,2013
Film Editing,Silver Linings Playbook,Jay Cassidy and Crispin Struthers,Lost,2013
Film Editing,Zero Dark Thirty,Dylan Tichenor and William Goldenberg,Lost,2013
Foreign Language Film,Amour,Austria,Won,2013
Foreign Language Film,Kon-Tiki,Norway,Lost,2013
Foreign Language Film,No,Chile,Lost,2013
Foreign Language Film,A Royal Affair,Denmark,Lost,2013
Foreign Language Film,War Witch,Canada,Lost,2013
Jean Hersholt Humanitarian Award,,Jeffrey Katzenberg,Won,2013
Makeup and Hairstyling,Les Mis_rables,Lisa Westcott and Julie Dartnell,Won,2013
Makeup and Hairstyling,Hitchcock,"Howard Berger, Peter Montagna and Martin Samuel",Lost,2013
Makeup and Hairstyling,The Hobbit: An Unexpected Journey,"Peter Swords King, Rick Findlater and Tami Lane",Lost,2013
Music (Original Score),Life of Pi,Mychael Danna,Won,2013
Music (Original Score),Anna Karenina,Dario Marianelli,Lost,2013
Music (Original Score),Argo,Alexandre Desplat,Lost,2013
Music (Original Score),Lincoln,John Williams,Lost,2013
Music (Original Score),Skyfall,Thomas Newman,Lost,2013
Music (Original Song),Skyfall,"Skyfall in ""Skyfall"" Music and Lyric by Adele Adkins and Paul Epworth",Won,2013
Music (Original Song),Chasing Ice,"Before My Time in ""Chasing Ice"" Music and Lyric by J. Ralph",Lost,2013
Music (Original Song),Ted,"Everybody Needs A Best Friend in ""Ted"" Music by Walter Murphy; Lyric by Seth MacFarlane",Lost,2013
Music (Original Song),Life of Pi,"Pi's Lullaby in ""Life of Pi"" Music by Mychael Danna; Lyric by Bombay Jayashri",Lost,2013
Music (Original Song),Les Misérables,"Suddenly in ""Les Misérables"" Music by Claude-Michel Schönberg; Lyric by Herbert Kretzmer and Alain Boublil",Lost,2013
Best Picture,Argo,"Grant Heslov, Ben Affleck and George Clooney, Producers",Won,2013
Best Picture,Amour,"Margaret Menegoz, Stefan Arndt, Veit Heiduschka and Michael Katz, Producers",Lost,2013
Best Picture,Beasts of the Southern Wild,"Dan Janvey, Josh Penn and Michael Gottwald, Producers",Lost,2013
Best Picture,Django Unchained,"Stacey Sher, Reginald Hudlin and Pilar Savone, Producers",Lost,2013
Best Picture,Les Mis_rables,"Tim Bevan, Eric Fellner, Debra Hayward and Cameron Mackintosh, Producers",Lost,2013
Best Picture,Life of Pi,"Gil Netter, Ang Lee and David Womark, Producers",Lost,2013
Best Picture,Lincoln,"Steven Spielberg and Kathleen Kennedy, Producers",Lost,2013
Best Picture,Silver Linings Playbook,"Donna Gigliotti, Bruce Cohen and Jonathan Gordon, Producers",Lost,2013
Best Picture,Zero Dark Thirty,"Mark Boal, Kathryn Bigelow and Megan Ellison, Producers",Lost,2013
Production Design,Lincoln,Production Design: Rick Carter; Set Decoration: Jim Erickson,Won,2013
Production Design,Anna Karenina,Production Design: Sarah Greenwood; Set Decoration: Katie Spencer,Lost,2013
Production Design,The Hobbit: An Unexpected Journey,Production Design: Dan Hennah; Set Decoration: Ra Vincent and Simon Bright,Lost,2013
Production Design,Les Mis_rables,Production Design: Eve Stewart; Set Decoration: Anna Lynch-Robinson,Lost,2013
Production Design,Life of Pi,Production Design: David Gropman; Set Decoration: Anna Pinnock,Lost,2013
Short Film (Animated),Paperman,John Kahrs,Won,2013
Short Film (Animated),Adam and Dog,Minkyu Lee,Lost,2013
Short Film (Animated),Fresh Guacamole,PES,Lost,2013
Short Film (Animated),Head over Heels,Timothy Reckart and Fodhla Cronin O'Reilly,Lost,2013
Short Film (Animated),"Maggie Simpson in ""The Longest Daycare""",David Silverman,Lost,2013
Short Film (Live Action),Curfew,Shawn Christensen,Won,2013
Short Film (Live Action),Asad,Bryan Buckley and Mino Jarjoura,Lost,2013
Short Film (Live Action),Buzkashi Boys,Sam French and Ariel Nasr,Lost,2013
Short Film (Live Action),Death of a Shadow (Dood van een Schaduw),Tom Van Avermaet and Ellen De Waele,Lost,2013
Short Film (Live Action),Henry,Yan England,Lost,2013
Sound Editing,Skyfall,Per Hallberg and Karen Baker Landers,Won,2013
Sound Editing,Zero Dark Thirty,Paul N.J. Ottosson,Lost,2013
Sound Editing,Argo,Erik Aadahl and Ethan Van der Ryn,Lost,2013
Sound Editing,Django Unchained,Wylie Stateman,Lost,2013
Sound Editing,Life of Pi,Eugene Gearty and Philip Stockton,Lost,2013
Sound Mixing,Les Mis_rables,"Andy Nelson, Mark Paterson and Simon Hayes",Won,2013
Sound Mixing,Argo,"John Reitz, Gregg Rudloff and Jose Antonio Garcia",Lost,2013
Sound Mixing,Life of Pi,"Ron Bartlett, D.M. Hemphill and Drew Kunin",Lost,2013
Sound Mixing,Lincoln,"Andy Nelson, Gary Rydstrom and Ronald Judkins",Lost,2013
Sound Mixing,Skyfall,"Scott Millan, Greg P. Russell and Stuart Wilson",Lost,2013
Visual Effects,Life of Pi,"Bill Westenhofer, Guillaume Rocheron, Erik-Jan De Boer and Donald R. Elliott",Won,2013
Visual Effects,The Hobbit: An Unexpected Journey,"Joe Letteri, Eric Saindon, David Clayton and R. Christopher White",Lost,2013
Visual Effects,Marvel's The Avengers,"Janek Sirrs, Jeff White, Guy Williams and Dan Sudick",Lost,2013
Visual Effects,Prometheus,"Richard Stammers, Trevor Wood, Charley Henley and Martin Hill",Lost,2013
Visual Effects,Snow White and the Huntsman,"Cedric Nicolas-Troyan, Philip Brennan, Neil Corbould and Michael Dawson",Lost,2013
Writing (Adapted Screenplay),Argo,Screenplay by Chris Terrio,Won,2013
Writing (Adapted Screenplay),Beasts of the Southern Wild,Screenplay by Lucy Alibar & Benh Zeitlin,Lost,2013
Writing (Adapted Screenplay),Life of Pi,Screenplay by David Magee,Lost,2013
Writing (Adapted Screenplay),Lincoln,Screenplay by Tony Kushner,Lost,2013
Writing (Adapted Screenplay),Silver Linings Playbook,Screenplay by David O. Russell,Lost,2013
Writing (Original Screenplay),Django Unchained,Written by Quentin Tarantino,Won,2013
Writing (Original Screenplay),Amour,Written by Michael Haneke,Lost,2013
Writing (Original Screenplay),Flight,Written by John Gatins,Lost,2013
Writing (Original Screenplay),Moonrise Kingdom,Written by Wes Anderson & Roman Coppola,Lost,2013
Writing (Original Screenplay),Zero Dark Thirty,Written by Mark Boal,Lost,2013
Actor in a Leading Role,Dallas Buyers Club,Matthew McConaughey,Won,2014
Actor in a Leading Role,American Hustle,Christian Bale,Lost,2014
Actor in a Leading Role,Nebraska,Bruce Dern,Lost,2014
Actor in a Leading Role,The Wolf of Wall Street,Leonardo DiCaprio,Lost,2014
Actor in a Leading Role,12 Years a Slave,Chiwetel Ejiofor,Lost,2014
Actor in a Supporting Role,Dallas Buyers Club,Jared Leto,Won,2014
Actor in a Supporting Role,Captain Phillips,Barkhad Abdi,Lost,2014
Actor in a Supporting Role,American Hustle,Bradley Cooper,Lost,2014
Actor in a Supporting Role,12 Years a Slave,Michael Fassbender,Lost,2014
Actor in a Supporting Role,The Wolf of Wall Street,Jonah Hill,Lost,2014
Actress in a Leading Role,Blue Jasmine,Cate Blanchett,Won,2014
Actress in a Leading Role,American Hustle,Amy Adams,Lost,2014
Actress in a Leading Role,Gravity,Sandra Bullock,Lost,2014
Actress in a Leading Role,Philomena,Judi Dench,Lost,2014
Actress in a Leading Role,August: Osage County,Meryl Streep,Lost,2014
Actress in a Supporting Role,12 Years a Slave,Lupita Nyong'o,Won,2014
Actress in a Supporting Role,Blue Jasmine,Sally Hawkins,Lost,2014
Actress in a Supporting Role,American Hustle,Jennifer Lawrence,Lost,2014
Actress in a Supporting Role,August: Osage County,Julia Roberts,Lost,2014
Actress in a Supporting Role,Nebraska,June Squibb,Lost,2014
Animated Feature Film,Frozen,"Chris Buck, Jennifer Lee and Peter Del Vecho",Won,2014
Animated Feature Film,The Croods,"Chris Sanders, Kirk DeMicco and Kristine Belson",Lost,2014
Animated Feature Film,Despicable Me 2,"Chris Renaud, Pierre Coffin and Chris Meledandri",Lost,2014
Animated Feature Film,Ernest & Celestine,Benjamin Renner and Didier Brunner,Lost,2014
Animated Feature Film,The Wind Rises,Hayao Miyazaki and Toshio Suzuki,Lost,2014
Cinematography,Gravity,Emmanuel Lubezki,Won,2014
Cinematography,The Grandmaster,Philippe Le Sourd,Lost,2014
Cinematography,Inside Llewyn Davis,Bruno Delbonnel,Lost,2014
Cinematography,Nebraska,Phedon Papamichael,Lost,2014
Cinematography,Prisoners,Roger A. Deakins,Lost,2014
Costume Design,The Great Gatsby,Catherine Martin,Won,2014
Costume Design,American Hustle,Michael Wilkinson,Lost,2014
Costume Design,The Grandmaster,William Chang Suk Ping,Lost,2014
Costume Design,The Invisible Woman,Michael O'Connor,Lost,2014
Costume Design,12 Years a Slave,Patricia Norris,Lost,2014
Directing,Gravity,Alfonso Cuarón,Won,2014
Directing,American Hustle,David O. Russell,Lost,2014
Directing,Nebraska,Alexander Payne,Lost,2014
Directing,12 Years a Slave,Steve McQueen,Lost,2014
Directing,The Wolf of Wall Street,Martin Scorsese,Lost,2014
Documentary (Feature),20 Feet from Stardom,"Morgan Neville, Gil Friesen and Caitrin Rogers",Won,2014
Documentary (Feature),The Act of Killing,Joshua Oppenheimer and Signe Byrge Sørensen,Lost,2014
Documentary (Feature),Cutie and the Boxer,Zachary Heinzerling and Lydia Dean Pilcher,Lost,2014
Documentary (Feature),Dirty Wars,Richard Rowley and Jeremy Scahill,Lost,2014
Documentary (Feature),The Square,Jehane Noujaim and Karim Amer,Lost,2014
Documentary (Short Subject),The Lady in Number 6: Music Saved My Life,Malcolm Clarke and Nicholas Reed,Won,2014
Documentary (Short Subject),CaveDigger,Jeffrey Karoff,Lost,2014
Documentary (Short Subject),Facing Fear,Jason Cohen,Lost,2014
Documentary (Short Subject),Karama Has No Walls,Sara Ishaq,Lost,2014
Documentary (Short Subject),Prison Terminal: The Last Days of Private Jack Hall,Edgar Barens,Lost,2014
Film Editing,Gravity,Alfonso Cuarón and Mark Sanger,Won,2014
Film Editing,American Hustle,"Jay Cassidy, Crispin Struthers and Alan Baumgarten",Lost,2014
Film Editing,Captain Phillips,Christopher Rouse,Lost,2014
Film Editing,Dallas Buyers Club,John Mac McMurphy and Martin Pensa,Lost,2014
Film Editing,12 Years a Slave,Joe Walker,Lost,2014
Foreign Language Film,The Great Beauty,Italy,Won,2014
Foreign Language Film,The Broken Circle Breakdown,Belgium,Lost,2014
Foreign Language Film,The Hunt,Denmark,Lost,2014
Foreign Language Film,The Missing Picture,Cambodia,Lost,2014
Foreign Language Film,Omar,Palestine,Lost,2014
Makeup and Hairstyling,Dallas Buyers Club,Adruitha Lee and Robin Mathews,Won,2014
Makeup and Hairstyling,Jackass Presents: Bad Grandpa,Stephen Prouty,Lost,2014
Makeup and Hairstyling,The Lone Ranger,Joel Harlow and Gloria Pasqua-Casny,Lost,2014
Music (Original Score),Gravity,Steven Price,Won,2014
Music (Original Score),The Book Thief,John Williams,Lost,2014
Music (Original Score),Her,William Butler and Owen Pallett,Lost,2014
Music (Original Score),Philomena,Alexandre Desplat,Lost,2014
Music (Original Score),Saving Mr. Banks,Thomas Newman,Lost,2014
Music (Original Song),Frozen,"""Let It Go"" in Frozen; Music and Lyric by Kristen Anderson-Lopez and Robert Lopez",Won,2014
Music (Original Song),Despicable Me 2,"Happy in ""Despicable Me 2"" Music and Lyric by Pharrell Williams",Lost,2014
Music (Original Song),Her,"The Moon Song in ""Her"" Music by Karen O; Lyric by Karen O and Spike Jonze",Lost,2014
Music (Original Song),Mandela: Long Walk to Freedom,"Ordinary Love in ""Mandela: Long Walk to Freedom"" Music by Paul Hewson, Dave Evans, Adam Clayton and Larry Mullen; Lyric by Paul Hewson",Lost,2014
Best Picture,12 Years a Slave,"Brad Pitt, Dede Gardner, Jeremy Kleiner, Steve McQueen and Anthony Katagas, Producers",Won,2014
Best Picture,American Hustle,"Charles Roven, Richard Suckle, Megan Ellison and Jonathan Gordon, Producers",Lost,2014
Best Picture,Captain Phillips,"Scott Rudin, Dana Brunetti and Michael De Luca, Producers",Lost,2014
Best Picture,Dallas Buyers Club,"Robbie Brenner and Rachel Winter, Producers",Lost,2014
Best Picture,Gravity,"Alfonso Cuarón and David Heyman, Producers",Lost,2014
Best Picture,Her,"Megan Ellison, Spike Jonze and Vincent Landay, Producers",Lost,2014
Best Picture,Nebraska,"Albert Berger and Ron Yerxa, Producers",Lost,2014
Best Picture,Philomena,"Gabrielle Tana, Steve Coogan and Tracey Seaward, Producers",Lost,2014
Best Picture,The Wolf of Wall Street,"Martin Scorsese, Leonardo DiCaprio, Joey McFarland and Emma Tillinger Koskoff, Producers",Lost,2014
Production Design,The Great Gatsby,Production Design: Catherine Martin; Set Decoration: Beverley Dunn,Won,2014
Production Design,American Hustle,Production Design: Judy Becker; Set Decoration: Heather Loeffler,Lost,2014
Production Design,Gravity,Production Design: Andy Nicholson; Set Decoration: Rosie Goodwin and Joanne Woollard,Lost,2014
Production Design,Her,Production Design: K.K. Barrett; Set Decoration: Gene Serdena,Lost,2014
Production Design,12 Years a Slave,Production Design: Adam Stockhausen; Set Decoration: Alice Baker,Lost,2014
Short Film (Animated),Mr. Hublot,Laurent Witz and Alexandre Espigares,Won,2014
Short Film (Animated),Feral,Daniel Sousa and Dan Golden,Lost,2014
Short Film (Animated),Get a Horse!,Lauren MacMullan and Dorothy McKim,Lost,2014
Short Film (Animated),Possessions,Shuhei Morita,Lost,2014
Short Film (Animated),Room on the Broom,Max Lang and Jan Lachauer,Lost,2014
Short Film (Live Action),Helium,Anders Walter and Kim Magnusson,Won,2014
Short Film (Live Action),Aquel No Era Yo (That Wasn't Me),Esteban Crespo,Lost,2014
Short Film (Live Action),Avant Que De Tout Perdre (Just before Losing Everything),Xavier Legrand and Alexandre Gavras,Lost,2014
Short Film (Live Action),Pit__k_ Mun Kaikki Hoitaa? (Do I Have to Take Care of Everything?),Selma Vilhunen and Kirsikka Saari,Lost,2014
Short Film (Live Action),The Voorman Problem,Mark Gill and Baldwin Li,Lost,2014
Sound Editing,Gravity,Glenn Freemantle,Won,2014
Sound Editing,All Is Lost,Steve Boeddeker and Richard Hymns,Lost,2014
Sound Editing,Captain Phillips,Oliver Tarney,Lost,2014
Sound Editing,The Hobbit: The Desolation of Smaug,Brent Burge and Chris Ward,Lost,2014
Sound Editing,Lone Survivor,Wylie Stateman,Lost,2014
Sound Mixing,Gravity,"Skip Lievsay, Niv Adiri, Christopher Benstead and Chris Munro",Won,2014
Sound Mixing,Captain Phillips,"Chris Burdon, Mark Taylor, Mike Prestwood Smith and Chris Munro",Lost,2014
Sound Mixing,The Hobbit: The Desolation of Smaug,"Christopher Boyes, Michael Hedges, Michael Semanick and Tony Johnson",Lost,2014
Sound Mixing,Inside Llewyn Davis,"Skip Lievsay, Greg Orloff and Peter F. Kurland",Lost,2014
Sound Mixing,Lone Survivor,"Andy Koyama, Beau Borders and David Brownlow",Lost,2014
Visual Effects,Gravity,"Tim Webber, Chris Lawrence, David Shirk and Neil Corbould",Won,2014
Visual Effects,The Hobbit: The Desolation of Smaug,"Joe Letteri, Eric Saindon, David Clayton and Eric Reynolds",Lost,2014
Visual Effects,Iron Man 3,"Christopher Townsend, Guy Williams, Erik Nash and Dan Sudick",Lost,2014
Visual Effects,The Lone Ranger,"Tim Alexander, Gary Brozenich, Edson Williams and John Frazier",Lost,2014
Visual Effects,Star Trek Into Darkness,"Roger Guyett, Patrick Tubach, Ben Grossmann and Burt Dalton",Lost,2014
Writing (Adapted Screenplay),12 Years a Slave,Screenplay by John Ridley,Won,2014
Writing (Adapted Screenplay),Before Midnight,"Written by Richard Linklater, Julie Delpy, Ethan Hawke",Lost,2014
Writing (Adapted Screenplay),Captain Phillips,Screenplay by Billy Ray,Lost,2014
Writing (Adapted Screenplay),Philomena,Screenplay by Steve Coogan and Jeff Pope,Lost,2014
Writing (Adapted Screenplay),The Wolf of Wall Street,Screenplay by Terence Winter,Lost,2014
Writing (Original Screenplay),Her,Written by Spike Jonze,Won,2014
Writing (Original Screenplay),American Hustle,Written by Eric Warren Singer and David O. Russell,Lost,2014
Writing (Original Screenplay),Blue Jasmine,Written by Woody Allen,Lost,2014
Writing (Original Screenplay),Dallas Buyers Club,Written by Craig Borten & Melisa Wallack,Lost,2014
Writing (Original Screenplay),Nebraska,Written by Bob Nelson,Lost,2014
Actor in a Leading Role,The Theory of Everything,Eddie Redmayne,Won,2015
Actor in a Leading Role,Foxcatcher,Steve Carell,Lost,2015
Actor in a Leading Role,American Sniper,Bradley Cooper,Lost,2015
Actor in a Leading Role,The Imitation Game,Benedict Cumberbatch,Lost,2015
Actor in a Leading Role,Birdman or (The Unexpected Virtue of Ignorance),Michael Keaton,Lost,2015
Actor in a Supporting Role,Whiplash,J.K. Simmons,Won,2015
Actor in a Supporting Role,The Judge,Robert Duvall,Lost,2015
Actor in a Supporting Role,Boyhood,Ethan Hawke,Lost,2015
Actor in a Supporting Role,Birdman or (The Unexpected Virtue of Ignorance),Edward Norton,Lost,2015
Actor in a Supporting Role,Foxcatcher,Mark Ruffalo,Lost,2015
Actress in a Leading Role,Still Alice,Julianne Moore,Won,2015
Actress in a Leading Role,"Two Days, One Night",Marion Cotillard,Lost,2015
Actress in a Leading Role,The Theory of Everything,Felicity Jones,Lost,2015
Actress in a Leading Role,Gone Girl,Rosamund Pike,Lost,2015
Actress in a Leading Role,Wild,Reese Witherspoon,Lost,2015
Actress in a Supporting Role,Boyhood,Patricia Arquette,Won,2015
Actress in a Supporting Role,Wild,Laura Dern,Lost,2015
Actress in a Supporting Role,The Imitation Game,Keira Knightley,Lost,2015
Actress in a Supporting Role,Birdman or (The Unexpected Virtue of Ignorance),Emma Stone,Lost,2015
Actress in a Supporting Role,Into the Woods,Meryl Streep,Lost,2015
Animated Feature Film,Big Hero 6,"Don Hall, Chris Williams and Roy Conli",Won,2015
Animated Feature Film,The Boxtrolls,"Anthony Stacchi, Graham Annable and Travis Knight",Lost,2015
Animated Feature Film,How to Train Your Dragon 2,Dean DeBlois and Bonnie Arnold,Lost,2015
Animated Feature Film,Song of the Sea,Tomm Moore and Paul Young,Lost,2015
Animated Feature Film,The Tale of the Princess Kaguya,Isao Takahata and Yoshiaki Nishimura,Lost,2015
Cinematography,Birdman or (The Unexpected Virtue of Ignorance),Emmanuel Lubezki,Won,2015
Cinematography,The Grand Budapest Hotel,Robert Yeoman,Lost,2015
Cinematography,Ida,Łukasz Żal and Ryszard Lenczewski,Lost,2015
Cinematography,Mr. Turner,Dick Pope,Lost,2015
Cinematography,Unbroken,Roger Deakins,Lost,2015
Costume Design,The Grand Budapest Hotel,Milena Canonero,Won,2015
Costume Design,Inherent Vice,Mark Bridges,Lost,2015
Costume Design,Into the Woods,Colleen Atwood,Lost,2015
Costume Design,Maleficent,Anna B. Sheppard,Lost,2015
Costume Design,Mr. Turner,Jacqueline Durran,Lost,2015
Directing,Birdman or (The Unexpected Virtue of Ignorance),Alejandro G. Iñárritu,Won,2015
Directing,Boyhood,Richard Linklater,Lost,2015
Directing,Foxcatcher,Bennett Miller,Lost,2015
Directing,The Grand Budapest Hotel,Wes Anderson,Lost,2015
Directing,The Imitation Game,Morten Tyldum,Lost,2015
Documentary (Feature),CitizenFour,"Laura Poitras, Mathilde Bonnefoy and Dirk Wilutzky",Won,2015
Documentary (Feature),Finding Vivian Maier,John Maloof and Charlie Siskel,Lost,2015
Documentary (Feature),Last Days in Vietnam,Rory Kennedy and Keven McAlester,Lost,2015
Documentary (Feature),The Salt of the Earth,"Wim Wenders, Juliano Ribeiro Salgado and David Rosier",Lost,2015
Documentary (Feature),Virunga,Orlando von Einsiedel and Joanna Natasegara,Lost,2015
Documentary (Short Subject),Crisis Hotline: Veterans Press 1,Ellen Goosenberg Kent and Dana Perry,Won,2015
Documentary (Short Subject),Joanna,Aneta Kopacz,Lost,2015
Documentary (Short Subject),Our Curse,Tomasz Śliwiński and Maciej Ślesicki,Lost,2015
Documentary (Short Subject),The Reaper (La Parka),Gabriel Serra Arguello,Lost,2015
Documentary (Short Subject),White Earth,J. Christian Jensen,Lost,2015
Film Editing,Whiplash,Tom Cross,Won,2015
Film Editing,American Sniper,Joel Cox and Gary D. Roach,Lost,2015
Film Editing,Boyhood,Sandra Adair,Lost,2015
Film Editing,The Grand Budapest Hotel,Barney Pilling,Lost,2015
Film Editing,The Imitation Game,William Goldenberg,Lost,2015
Foreign Language Film,Ida,Poland,Won,2015
Foreign Language Film,Leviathan,Russia,Lost,2015
Foreign Language Film,Tangerines,Estonia,Lost,2015
Foreign Language Film,Timbuktu,Mauritania,Lost,2015
Foreign Language Film,Wild Tales,Argentina,Lost,2015
Makeup and Hairstyling,The Grand Budapest Hotel,Frances Hannon and Mark Coulier,Won,2015
Makeup and Hairstyling,Foxcatcher,Bill Corso and Dennis Liddiard,Lost,2015
Makeup and Hairstyling,Guardians of the Galaxy,Elizabeth Yianni-Georgiou and David White,Lost,2015
Music (Original Score),The Grand Budapest Hotel,Alexandre Desplat,Won,2015
Music (Original Score),The Imitation Game,Alexandre Desplat,Lost,2015
Music (Original Score),Interstellar,Hans Zimmer,Lost,2015
Music (Original Score),Mr. Turner,Gary Yershon,Lost,2015
Music (Original Score),The Theory of Everything,Jóhann Jóhannsson,Lost,2015
Music (Original Song),Selma,“Glory” from Selma; Music and Lyric by John Stephens and Lonnie Lynn,Won,2015
Music (Original Song),The Lego Movie,“Everything Is Awesome” from The Lego Movie; Music and Lyric by Shawn Patterson,Lost,2015
Music (Original Song),Beyond the Lights,“Grateful” from Beyond the Lights; Music and Lyric by Diane Warren,Lost,2015
Music (Original Song),Glen Campbell…I’ll Be Me,“I’m Not Gonna Miss You” from Glen Campbell…I’ll Be Me; Music and Lyric by Glen Campbell and Julian Raymond,Lost,2015
Music (Original Song),Begin Again,“Lost Stars” from Begin Again; Music and Lyric by Gregg Alexander and Danielle Brisebois,Lost,2015
Best Picture,Birdman or (The Unexpected Virtue of Ignorance),"Alejandro G. Iñárritu, John Lesher and James W. Skotchdopole, Producers",Won,2015
Best Picture,American Sniper,"Clint Eastwood, Robert Lorenz, Andrew Lazar, Bradley Cooper and Peter Morgan, Producers",Lost,2015
Best Picture,Boyhood,"Richard Linklater and Cathleen Sutherland, Producers",Lost,2015
Best Picture,The Grand Budapest Hotel,"Wes Anderson, Scott Rudin, Steven Rales and Jeremy Dawson, Producers",Lost,2015
Best Picture,The Imitation Game,"Nora Grossman, Ido Ostrowsky and Teddy Schwarzman, Producers",Lost,2015
Best Picture,Selma,"Christian Colson, Oprah Winfrey, Dede Gardner and Jeremy Kleiner, Producers",Lost,2015
Best Picture,The Theory of Everything,"Tim Bevan, Eric Fellner, Lisa Bruce and Anthony McCarten, Producers",Lost,2015
Best Picture,Whiplash,"Jason Blum, Helen Estabrook and David Lancaster, Producers",Lost,2015
Production Design,The Grand Budapest Hotel,Production Design: Adam Stockhausen; Set Decoration: Anna Pinnock,Won,2015
Production Design,The Imitation Game,Production Design: Maria Djurkovic; Set Decoration: Tatiana Macdonald,Lost,2015
Production Design,Interstellar,Production Design: Nathan Crowley; Set Decoration: Gary Fettis,Lost,2015
Production Design,Into the Woods,Production Design: Dennis Gassner; Set Decoration: Anna Pinnock,Lost,2015
Production Design,Mr. Turner,Production Design: Suzie Davies; Set Decoration: Charlotte Watts,Lost,2015
Short Film (Animated),Feast,Patrick Osborne and Kristina Reed,Won,2015
Short Film (Animated),The Bigger Picture,Daisy Jacobs and Christopher Hees,Lost,2015
Short Film (Animated),The Dam Keeper,Robert Kondo and Dice Tsutsumi,Lost,2015
Short Film (Animated),Me and My Moulton,Torill Kove,Lost,2015
Short Film (Animated),A Single Life,Joris Oprins,Lost,2015
Short Film (Live Action),The Phone Call,Mat Kirkby and James Lucas,Won,2015
Short Film (Live Action),Aya,Oded Binnun and Mihal Brezis,Lost,2015
Short Film (Live Action),Boogaloo and Graham,Michael Lennox and Ronan Blaney,Lost,2015
Short Film (Live Action),Butter Lamp (La Lampe Au Beurre De Yak),Hu Wei and Julien Féret,Lost,2015
Short Film (Live Action),Parvaneh,Talkhon Hamzavi and Stefan Eichenberger,Lost,2015
Sound Editing,American Sniper,Alan Robert Murray and Bub Asman,Won,2015
Sound Editing,Birdman or (The Unexpected Virtue of Ignorance),Martín Hernández and Aaron Glascock,Lost,2015
Sound Editing,The Hobbit: The Battle of the Five Armies,Brent Burge and Jason Canovas,Lost,2015
Sound Editing,Interstellar,Richard King,Lost,2015
Sound Editing,Unbroken,Becky Sullivan and Andrew DeCristofaro,Lost,2015
Sound Mixing,Whiplash,"Craig Mann, Ben Wilkins and Thomas Curley",Won,2015
Sound Mixing,American Sniper,"John Reitz, Gregg Rudloff and Walt Martin",Lost,2015
Sound Mixing,Birdman or (The Unexpected Virtue of Ignorance),"Jon Taylor, Frank A. Montaño and Thomas Varga",Lost,2015
Sound Mixing,Interstellar,"Gary A. Rizzo, Gregg Landaker and Mark Weingarten",Lost,2015
Sound Mixing,Unbroken,"Jon Taylor, Frank A. Montaño and David Lee",Lost,2015
Visual Effects,Interstellar,"Paul Franklin, Andrew Lockley, Ian Hunter and Scott Fisher",Won,2015
Visual Effects,Captain America: The Winter Soldier,"Dan DeLeeuw, Russell Earl, Bryan Grill and Dan Sudick",Lost,2015
Visual Effects,Dawn of the Planet of the Apes,"Joe Letteri, Dan Lemmon, Daniel Barrett and Erik Winquist",Lost,2015
Visual Effects,Guardians of the Galaxy,"Stephane Ceretti, Nicolas Aithadi, Jonathan Fawkner and Paul Corbould",Lost,2015
Visual Effects,X-Men: Days of Future Past,"Richard Stammers, Lou Pecora, Tim Crosbie and Cameron Waldbauer",Lost,2015
Writing (Adapted Screenplay),The Imitation Game,Written by Graham Moore,Won,2015
Writing (Adapted Screenplay),American Sniper,Written by Jason Hall,Lost,2015
Writing (Adapted Screenplay),Inherent Vice,Written for the screen by Paul Thomas Anderson,Lost,2015
Writing (Adapted Screenplay),The Theory of Everything,Screenplay by Anthony McCarten,Lost,2015
Writing (Adapted Screenplay),Whiplash,Written by Damien Chazelle,Lost,2015
Writing (Original Screenplay),Birdman or (The Unexpected Virtue of Ignorance),"Written by Alejandro G. Iñárritu, Nicolás Giacobone, Alexander Dinelaris, Jr. & Armando Bo",Won,2015
Writing (Original Screenplay),Boyhood,Written by Richard Linklater,Lost,2015
Writing (Original Screenplay),Foxcatcher,Written by E. Max Frye and Dan Futterman,Lost,2015
Writing (Original Screenplay),The Grand Budapest Hotel,Screenplay by Wes Anderson; Story by Wes Anderson & Hugo Guinness,Lost,2015
Writing (Original Screenplay),Nightcrawler,Written by Dan Gilroy,Lost,2015
Actor in a Leading Role,The Revenant,Leonardo DiCaprio,Won,2016
Actor in a Leading Role,Trumbo,Bryan Cranston,Lost,2016
Actor in a Leading Role,The Martian,Matt Damon,Lost,2016
Actor in a Leading Role,Steve Jobs,Michael Fassbender,Lost,2016
Actor in a Leading Role,The Danish Girl,Eddie Redmayne,Lost,2016
Actor in a Supporting Role,Bridge of Spies,Mark Rylance,Won,2016
Actor in a Supporting Role,The Big Short,Christian Bale,Lost,2016
Actor in a Supporting Role,The Revenant,Tom Hardy,Lost,2016
Actor in a Supporting Role,Spotlight,Mark Ruffalo,Lost,2016
Actor in a Supporting Role,Creed,Sylvester Stallone,Lost,2016
Actress in a Leading Role,Room,Brie Larson,Won,2016
Actress in a Leading Role,Carol,Cate Blanchett,Lost,2016
Actress in a Leading Role,Joy,Jennifer Lawrence,Lost,2016
Actress in a Leading Role,45 Years,Charlotte Rampling,Lost,2016
Actress in a Leading Role,Brooklyn,Saoirse Ronan,Lost,2016
Actress in a Supporting Role,The Danish Girl,Alicia Vikander,Won,2016
Actress in a Supporting Role,The Hateful Eight,Jennifer Jason Leigh,Lost,2016
Actress in a Supporting Role,Carol,Rooney Mara,Lost,2016
Actress in a Supporting Role,Spotlight,Rachel McAdams,Lost,2016
Actress in a Supporting Role,Steve Jobs,Kate Winslet,Lost,2016
Animated Feature Film,Inside Out,Pete Docter and Jonas Rivera,Won,2016
Animated Feature Film,Anomalisa,"Charlie Kaufman, Duke Johnson and Rosa Tran",Lost,2016
Animated Feature Film,Boy and the World,Alê Abreu,Lost,2016
Animated Feature Film,Shaun the Sheep Movie,Mark Burton and Richard Starzak,Lost,2016
Animated Feature Film,When Marnie Was There,Hiromasa Yonebayashi and Yoshiaki Nishimura,Lost,2016
Cinematography,The Revenant,Emmanuel Lubezki,Won,2016
Cinematography,Carol,Ed Lachman,Lost,2016
Cinematography,The Hateful Eight,Robert Richardson,Lost,2016
Cinematography,Mad Max: Fury Road,John Seale,Lost,2016
Cinematography,Sicario,Roger Deakins,Lost,2016
Costume Design,Mad Max: Fury Road,Jenny Beavan,Won,2016
Costume Design,Carol,Sandy Powell,Lost,2016
Costume Design,Cinderella,Sandy Powell,Lost,2016
Costume Design,The Danish Girl,Paco Delgado,Lost,2016
Costume Design,The Revenant,Jacqueline West,Lost,2016
Directing,The Revenant,Alejandro G. Iñárritu,Won,2016
Directing,The Big Short,Adam McKay,Lost,2016
Directing,Mad Max: Fury Road,George Miller,Lost,2016
Directing,Room,Lenny Abrahamson,Lost,2016
Directing,Spotlight,Tom McCarthy,Lost,2016
Documentary (Feature),Amy,Asif Kapadia and James Gay-Rees,Won,2016
Documentary (Feature),Cartel Land,Matthew Heineman and Tom Yellin,Lost,2016
Documentary (Feature),The Look of Silence,Joshua Oppenheimer and Signe Byrge Sørensen,Lost,2016
Documentary (Feature),"What Happened, Miss Simone?","Liz Garbus, Amy Hobby and Justin Wilkes",Lost,2016
Documentary (Feature),Winter on Fire: Ukraine’s Fight for Freedom,Evgeny Afineevsky and Den Tolmor,Lost,2016
Documentary (Short Subject),A Girl in the River: The Price of Forgiveness,Sharmeen Obaid-Chinoy,Won,2016
Documentary (Short Subject),Body Team 12,David Darg and Bryn Mooser,Lost,2016
Documentary (Short Subject),"Chau, beyond the Lines",Courtney Marsh and Jerry Franck,Lost,2016
Documentary (Short Subject),Claude Lanzmann: Spectres of the Shoah,Adam Benzine,Lost,2016
Documentary (Short Subject),Last Day of Freedom,Dee Hibbert-Jones and Nomi Talisman,Lost,2016
Film Editing,Mad Max: Fury Road,Margaret Sixel,Won,2016
Film Editing,The Big Short,Hank Corwin,Lost,2016
Film Editing,The Revenant,Stephen Mirrione,Lost,2016
Film Editing,Spotlight,Tom McArdle,Lost,2016
Film Editing,Star Wars: The Force Awakens,Maryann Brandon and Mary Jo Markey,Lost,2016
Foreign Language Film,Son of Saul,Hungary,Won,2016
Foreign Language Film,Embrace of the Serpent,Colombia,Lost,2016
Foreign Language Film,Mustang,France,Lost,2016
Foreign Language Film,Theeb,Jordan,Lost,2016
Foreign Language Film,A War,Denmark,Lost,2016
Makeup and Hairstyling,Mad Max: Fury Road,"Lesley Vanderwalt, Elka Wardega and Damian Martin",Won,2016
Makeup and Hairstyling,The 100-Year-Old Man Who Climbed out the Window and Disappeared,Love Larson and Eva von Bahr,Lost,2016
Makeup and Hairstyling,The Revenant,"Siân Grigg, Duncan Jarman and Robert Pandini",Lost,2016
Music (Original Score),The Hateful Eight,Ennio Morricone,Won,2016
Music (Original Score),Bridge of Spies,Thomas Newman,Lost,2016
Music (Original Score),Carol,Carter Burwell,Lost,2016
Music (Original Score),Sicario,Jóhann Jóhannsson,Lost,2016
Music (Original Score),Star Wars: The Force Awakens,John Williams,Lost,2016
Music (Original Song),Spectre,“Writing’s On The Wall” from Spectre; Music and Lyric by Jimmy Napes and Sam Smith,Won,2016
Music (Original Song),Fifty Shades of Grey,"“Earned It” from Fifty Shades of Grey; Music and Lyric by The Weeknd, Ahmad Balshe, Jason Quenneville and Stephan Moccio",Lost,2016
Music (Original Song),Racing Extinction,"“Manta Ray” from Racing Extinction; Music by J. Ralph, Lyric by Anohni",Lost,2016
Music (Original Song),Youth,“Simple Song #3” from Youth; Music and Lyric by David Lang,Lost,2016
Music (Original Song),The Hunting Ground,“Til It Happens To You” from The Hunting Ground; Music and Lyric by Diane Warren and Lady Gaga,Lost,2016
Best Picture,Spotlight,"Michael Sugar, Steve Golin, Nicole Rocklin and Blye Pagon Faust, Producers",Won,2016
Best Picture,The Big Short,"Brad Pitt, Dede Gardner and Jeremy Kleiner, Producers",Lost,2016
Best Picture,Bridge of Spies,"Steven Spielberg, Marc Platt and Kristie Macosko Krieger, Producers",Lost,2016
Best Picture,Brooklyn,"Finola Dwyer and Amanda Posey, Producers",Lost,2016
Best Picture,Mad Max: Fury Road,"Doug Mitchell and George Miller, Producers",Lost,2016
Best Picture,The Martian,"Simon Kinberg, Ridley Scott, Michael Schaefer and Mark Huffam, Producers",Lost,2016
Best Picture,The Revenant,"Arnon Milchan, Steve Golin, Alejandro G. Iñárritu, Mary Parent and Keith Redmon, Producers",Lost,2016
Best Picture,Room,"Ed Guiney, Producer",Lost,2016
Production Design,Mad Max: Fury Road,Production Design: Colin Gibson; Set Decoration: Lisa Thompson,Won,2016
Production Design,Bridge of Spies,Production Design: Adam Stockhausen; Set Decoration: Rena DeAngelo and Bernhard Henrich,Lost,2016
Production Design,The Danish Girl,Production Design: Eve Stewart; Set Decoration: Michael Standish,Lost,2016
Production Design,The Martian,Production Design: Arthur Max; Set Decoration: Celia Bobak,Lost,2016
Production Design,The Revenant,Production Design: Jack Fisk; Set Decoration: Hamish Purdy,Lost,2016
Short Film (Animated),Bear Story,Gabriel Osorio and Pato Escala,Won,2016
Short Film (Animated),Prologue,Richard Williams and Imogen Sutton,Lost,2016
Short Film (Animated),Sanjay’s Super Team,Sanjay Patel and Nicole Grindle,Lost,2016
Short Film (Animated),We Can’t Live without Cosmos,Konstantin Bronzit,Lost,2016
Short Film (Animated),World of Tomorrow,Don Hertzfeldt,Lost,2016
Short Film (Live Action),Stutterer,Benjamin Cleary and Serena Armitage,Won,2016
Short Film (Live Action),Ave Maria,Basil Khalil and Eric Dupont,Lost,2016
Short Film (Live Action),Day One,Henry Hughes,Lost,2016
Short Film (Live Action),Everything Will Be Okay (Alles Wird Gut),Patrick Vollrath,Lost,2016
Short Film (Live Action),Shok,Jamie Donoughue,Lost,2016
Sound Editing,Mad Max: Fury Road,Mark Mangini and David White,Won,2016
Sound Editing,The Martian,Oliver Tarney,Lost,2016
Sound Editing,The Revenant,Martin Hernandez and Lon Bender,Lost,2016
Sound Editing,Sicario,Alan Robert Murray,Lost,2016
Sound Editing,Star Wars: The Force Awakens,Matthew Wood and David Acord,Lost,2016
Sound Mixing,Mad Max: Fury Road,"Chris Jenkins, Gregg Rudloff and Ben Osmo",Won,2016
Sound Mixing,Bridge of Spies,"Andy Nelson, Gary Rydstrom and Drew Kunin",Lost,2016
Sound Mixing,The Martian,"Paul Massey, Mark Taylor and Mac Ruth",Lost,2016
Sound Mixing,The Revenant,"Jon Taylor, Frank A. Montaño, Randy Thom and Chris Duesterdiek",Lost,2016
Sound Mixing,Star Wars: The Force Awakens,"Andy Nelson, Christopher Scarabosio and Stuart Wilson",Lost,2016
Visual Effects,Ex Machina,"Andrew Whitehurst, Paul Norris, Mark Ardington and Sara Bennett",Won,2016
Visual Effects,Mad Max: Fury Road,"Andrew Jackson, Tom Wood, Dan Oliver and Andy Williams",Lost,2016
Visual Effects,The Martian,"Richard Stammers, Anders Langlands, Chris Lawrence and Steven Warner",Lost,2016
Visual Effects,The Revenant,"Rich McBride, Matthew Shumway, Jason Smith and Cameron Waldbauer",Lost,2016
Visual Effects,Star Wars: The Force Awakens,"Roger Guyett, Patrick Tubach, Neal Scanlan and Chris Corbould",Lost,2016
Writing (Adapted Screenplay),The Big Short,Screenplay by Charles Randolph and Adam McKay,Won,2016
Writing (Adapted Screenplay),Brooklyn,Screenplay by Nick Hornby,Lost,2016
Writing (Adapted Screenplay),Carol,Screenplay by Phyllis Nagy,Lost,2016
Writing (Adapted Screenplay),The Martian,Screenplay by Drew Goddard,Lost,2016
Writing (Adapted Screenplay),Room,Screenplay by Emma Donoghue,Lost,2016
Writing (Original Screenplay),Spotlight,Written by Josh Singer & Tom McCarthy,Won,2016
Writing (Original Screenplay),Bridge of Spies,Written by Matt Charman and Ethan Coen & Joel Coen,Lost,2016
Writing (Original Screenplay),Ex Machina,Written by Alex Garland,Lost,2016
Writing (Original Screenplay),Inside Out,"Screenplay by Pete Docter, Meg LeFauve, Josh Cooley; Original story by Pete Docter, Ronnie del Carmen",Lost,2016
Writing (Original Screenplay),Straight Outta Compton,Screenplay by Jonathan Herman and Andrea Berloff; Story by S. Leigh Savidge & Alan Wenkus and Andrea Berloff,Lost,2016
Actor in a Leading Role,Manchester by the Sea,Casey Affleck,Won,2017
Actor in a Leading Role,Hacksaw Ridge,Andrew Garfield,Lost,2017
Actor in a Leading Role,La La Land,Ryan Gosling,Lost,2017
Actor in a Leading Role,Captain Fantastic,Viggo Mortensen,Lost,2017
Actor in a Leading Role,Fences,Denzel Washington,Lost,2017
Actor in a Supporting Role,Moonlight,Mahershala Ali,Won,2017
Actor in a Supporting Role,Hell or High Water,Jeff Bridges,Lost,2017
Actor in a Supporting Role,Manchester by the Sea,Lucas Hedges,Lost,2017
Actor in a Supporting Role,Lion,Dev Patel,Lost,2017
Actor in a Supporting Role,Nocturnal Animals,Michael Shannon,Lost,2017
Actress in a Leading Role,La La Land,Emma Stone,Won,2017
Actress in a Leading Role,Elle,Isabelle Huppert,Lost,2017
Actress in a Leading Role,Loving,Ruth Negga,Lost,2017
Actress in a Leading Role,Jackie,Natalie Portman,Lost,2017
Actress in a Leading Role,Florence Foster Jenkins,Meryl Streep,Lost,2017
Actress in a Supporting Role,Fences,Viola Davis,Won,2017
Actress in a Supporting Role,Moonlight,Naomie Harris,Lost,2017
Actress in a Supporting Role,Lion,Nicole Kidman,Lost,2017
Actress in a Supporting Role,Hidden Figures,Octavia Spencer,Lost,2017
Actress in a Supporting Role,Manchester by the Sea,Michelle Williams,Lost,2017
Animated Feature Film,Zootopia,"Byron Howard, Rich Moore and Clark Spencer",Won,2017
Animated Feature Film,Kubo and the Two Strings,Travis Knight and Arianne Sutner,Lost,2017
Animated Feature Film,Moana,"John Musker, Ron Clements and Osnat Shurer",Lost,2017
Animated Feature Film,My Life as a Zucchini,Claude Barras and Max Karli,Lost,2017
Animated Feature Film,The Red Turtle,Michael Dudok de Wit and Toshio Suzuki,Lost,2017
Cinematography,La La Land,Linus Sandgren,Won,2017
Cinematography,Arrival,Bradford Young,Lost,2017
Cinematography,Lion,Greig Fraser,Lost,2017
Cinematography,Moonlight,James Laxton,Lost,2017
Cinematography,Silence,Rodrigo Prieto,Lost,2017
Costume Design,Fantastic Beasts and Where to Find Them,Colleen Atwood,Won,2017
Costume Design,Allied,Joanna Johnston,Lost,2017
Costume Design,Florence Foster Jenkins,Consolata Boyle,Lost,2017
Costume Design,Jackie,Madeline Fontaine,Lost,2017
Costume Design,La La Land,Mary Zophres,Lost,2017
Directing,La La Land,Damien Chazelle,Won,2017
Directing,Arrival,Denis Villeneuve,Lost,2017
Directing,Hacksaw Ridge,Mel Gibson,Lost,2017
Directing,Manchester by the Sea,Kenneth Lonergan,Lost,2017
Directing,Moonlight,Barry Jenkins,Lost,2017
Documentary (Feature),O.J.: Made in America,Ezra Edelman and Caroline Waterlow,Won,2017
Documentary (Feature),Fire at Sea,Gianfranco Rosi and Donatella Palermo,Lost,2017
Documentary (Feature),I Am Not Your Negro,"Raoul Peck, Rémi Grellety and Hébert Peck",Lost,2017
Documentary (Feature),"Life, Animated",Roger Ross Williams and Julie Goldman,Lost,2017
Documentary (Feature),13th,"Ava DuVernay, Spencer Averick and Howard Barish",Lost,2017
Documentary (Short Subject),The White Helmets,Orlando von Einsiedel and Joanna Natasegara,Won,2017
Documentary (Short Subject),Extremis,Dan Krauss,Lost,2017
Documentary (Short Subject),4.1 Miles,Daphne Matziaraki,Lost,2017
Documentary (Short Subject),Joe's Violin,Kahane Cooperman and Raphaela Neihausen,Lost,2017
Documentary (Short Subject),Watani: My Homeland,Marcel Mettelsiefen and Stephen Ellis,Lost,2017
Film Editing,Hacksaw Ridge,John Gilbert,Won,2017
Film Editing,Arrival,Joe Walker,Lost,2017
Film Editing,Hell or High Water,Jake Roberts,Lost,2017
Film Editing,La La Land,Tom Cross,Lost,2017
Film Editing,Moonlight,Nat Sanders and Joi McMillon,Lost,2017
Foreign Language Film,The Salesman,Iran,Won,2017
Foreign Language Film,Land of Mine,Denmark,Lost,2017
Foreign Language Film,A Man Called Ove,Sweden,Lost,2017
Foreign Language Film,Tanna,Australia,Lost,2017
Foreign Language Film,Toni Erdmann,Germany,Lost,2017
Makeup and Hairstyling,Suicide Squad,"Alessandro Bertolazzi, Giorgio Gregorini and Christopher Nelson",Won,2017
Makeup and Hairstyling,A Man Called Ove,Eva von Bahr and Love Larson,Lost,2017
Makeup and Hairstyling,Star Trek Beyond,Joel Harlow and Richard Alonzo,Lost,2017
Music (Original Score),La La Land,Justin Hurwitz,Won,2017
Music (Original Score),Jackie,Mica Levi,Lost,2017
Music (Original Score),Lion,Dustin O'Halloran and Hauschka,Lost,2017
Music (Original Score),Moonlight,Nicholas Britell,Lost,2017
Music (Original Score),Passengers,Thomas Newman,Lost,2017
Music (Original Song),City of Stars,from La La Land; Music by Justin Hurwitz; Lyric by Benj Pasek and Justin Paul,Won,2017
Music (Original Song),Audition (The Fools Who Dream),from La La Land; Music by Justin Hurwitz; Lyric by Benj Pasek and Justin Paul,Lost,2017
Music (Original Song),Can't Stop The Feeling,"from Trolls; Music and Lyric by Justin Timberlake, Max Martin and Karl Johan Schuster",Lost,2017
Music (Original Song),The Empty Chair,from Jim: The James Foley Story; Music and Lyric by J. Ralph and Sting,Lost,2017
Music (Original Song),How Far I'll Go,from Moana; Music and Lyric by Lin-Manuel Miranda,Lost,2017
Best Picture,Moonlight,"Adele Romanski, Dede Gardner and Jeremy Kleiner, Producers",Won,2017
Best Picture,Arrival,"Shawn Levy, Dan Levine, Aaron Ryder and David Linde, Producers",Lost,2017
Best Picture,Fences,"Scott Rudin, Denzel Washington and Todd Black, Producers",Lost,2017
Best Picture,Hacksaw Ridge,"Bill Mechanic and David Permut, Producers",Lost,2017
Best Picture,Hell or High Water,"Carla Hacken and Julie Yorn, Producers",Lost,2017
Best Picture,Hidden Figures,"Donna Gigliotti, Peter Chernin, Jenno Topping, Pharrell Williams and Theodore Melfi, Producers",Lost,2017
Best Picture,La La Land,"Fred Berger, Jordan Horowitz and Marc Platt, Producers",Lost,2017
Best Picture,Lion,"Emile Sherman, Iain Canning and Angie Fielder, Producers",Lost,2017
Best Picture,Manchester by the Sea,"Matt Damon, Kimberly Steward, Chris Moore, Lauren Beck and Kevin J. Walsh, Producers",Lost,2017
Production Design,La La Land,Production Design: David Wasco; Set Decoration: Sandy Reynolds-Wasco,Won,2017
Production Design,Arrival,Production Design: Patrice Vermette; Set Decoration: Paul Hotte,Lost,2017
Production Design,Fantastic Beasts and Where to Find Them,Production Design: Stuart Craig; Set Decoration: Anna Pinnock,Lost,2017
Production Design,"Hail, Caesar!",Production Design: Jess Gonchor; Set Decoration: Nancy Haigh,Lost,2017
Production Design,Passengers,Production Design: Guy Hendrix Dyas; Set Decoration: Gene Serdena,Lost,2017
Short Film (Animated),Piper,Alan Barillaro and Marc Sondheimer,Won,2017
Short Film (Animated),Blind Vaysha,Theodore Ushev,Lost,2017
Short Film (Animated),Borrowed Time,Andrew Coats and Lou Hamou-Lhadj,Lost,2017
Short Film (Animated),Pear Cider and Cigarettes,Robert Valley and Cara Speller,Lost,2017
Short Film (Animated),Pearl,Patrick Osborne,Lost,2017
Short Film (Live Action),Sing,Kristof Deák and Anna Udvardy,Won,2017
Short Film (Live Action),Ennemis Intérieurs,Sélim Azzazi,Lost,2017
Short Film (Live Action),La Femme et le TGV,Timo von Gunten and Giacun Caduff,Lost,2017
Short Film (Live Action),Silent Nights,Aske Bang and Kim Magnusson,Lost,2017
Short Film (Live Action),Timecode,Juanjo Giménez,Lost,2017
Sound Editing,Arrival,Sylvain Bellemare,Won,2017
Sound Editing,Deepwater Horizon,Wylie Stateman and Renée Tondelli,Lost,2017
Sound Editing,Hacksaw Ridge,Robert Mackenzie and Andy Wright,Lost,2017
Sound Editing,La La Land,Ai-Ling Lee and Mildred Iatrou Morgan,Lost,2017
Sound Editing,Sully,Alan Robert Murray and Bub Asman,Lost,2017
Sound Mixing,Hacksaw Ridge,"Kevin O’Connell, Andy Wright, Robert Mackenzie and Peter Grace",Won,2017
Sound Mixing,Arrival,Bernard Gariépy Strobl and Claude La Haye,Lost,2017
Sound Mixing,La La Land,"Andy Nelson, Ai-Ling Lee and Steve A. Morrow",Lost,2017
Sound Mixing,Rogue One: A Star Wars Story,"David Parker, Christopher Scarabosio and Stuart Wilson",Lost,2017
Sound Mixing,13 Hours: The Secret Soldiers of Benghazi,"Gary Summers, Jeffrey J. Haboush and Mac Ruth",Lost,2017
Visual Effects,The Jungle Book,"Robert Legato, Adam Valdez, Andrew R. Jones and Dan Lemmon",Won,2017
Visual Effects,Deepwater Horizon,"Craig Hammack, Jason Snell, Jason Billington and Burt Dalton",Lost,2017
Visual Effects,Doctor Strange,"Stephane Ceretti, Richard Bluff, Vincent Cirelli and Paul Corbould",Lost,2017
Visual Effects,Kubo and the Two Strings,"Steve Emerson, Oliver Jones, Brian McLean and Brad Schiff",Lost,2017
Visual Effects,Rogue One: A Star Wars Story,"John Knoll, Mohen Leo, Hal Hickel and Neil Corbould",Lost,2017
Writing (Adapted Screenplay),Moonlight,Screenplay by Barry Jenkins; Story by Tarell Alvin McCraney,Won,2017
Writing (Adapted Screenplay),Arrival,Screenplay by Eric Heisserer,Lost,2017
Writing (Adapted Screenplay),Fences,Screenplay by August Wilson,Lost,2017
Writing (Adapted Screenplay),Hidden Figures,Screenplay by Allison Schroeder and Theodore Melfi,Lost,2017
Writing (Adapted Screenplay),Lion,Screenplay by Luke Davies,Lost,2017
Writing (Original Screenplay),Manchester by the Sea,Written by Kenneth Lonergan,Won,2017
Writing (Original Screenplay),Hell or High Water,Written by Taylor Sheridan,Lost,2017
Writing (Original Screenplay),La La Land,Written by Damien Chazelle,Lost,2017
Writing (Original Screenplay),The Lobster,"Written by Yorgos Lanthimos, Efthimis Filippou",Lost,2017
Writing (Original Screenplay),20th Century Women,Written by Mike Mills,Lost,2017
Actor in a Leading Role,Darkest Hour,Gary Oldman,Won,2018
Actor in a Leading Role,Call Me by Your Name,Timothée Chalamet,Lost,2018
Actor in a Leading Role,Phantom Thread,Daniel Day-Lewis,Lost,2018
Actor in a Leading Role,Get Out,Daniel Kaluuya,Lost,2018
Actor in a Leading Role,"Roman J. Israel, Esq.",Denzel Washington,Lost,2018
Actor in a Supporting Role,"Three Billboards outside Ebbing, Missouri",Sam Rockwell,Won,2018
Actor in a Supporting Role,The Florida Project,Willem Dafoe,Lost,2018
Actor in a Supporting Role,"Three Billboards outside Ebbing, Missouri",Woody Harrelson,Lost,2018
Actor in a Supporting Role,The Shape of Water,Richard Jenkins,Lost,2018
Actor in a Supporting Role,All the Money in the World,Christopher Plummer,Lost,2018
Actress in a Leading Role,"Three Billboards outside Ebbing, Missouri",Frances McDormand,Won,2018
Actress in a Leading Role,The Shape of Water,Sally Hawkins,Lost,2018
Actress in a Leading Role,"I, Tonya",Margot Robbie,Lost,2018
Actress in a Leading Role,Lady Bird,Saoirse Ronan,Lost,2018
Actress in a Leading Role,The Post,Meryl Streep,Lost,2018
Actress in a Supporting Role,"I, Tonya",Allison Janney,Won,2018
Actress in a Supporting Role,Mudbound,Mary J. Blige,Lost,2018
Actress in a Supporting Role,Phantom Thread,Lesley Manville,Lost,2018
Actress in a Supporting Role,Lady Bird,Laurie Metcalf,Lost,2018
Actress in a Supporting Role,The Shape of Water,Octavia Spencer,Lost,2018
Animated Feature Film,Coco,Lee Unkrich and Darla K. Anderson,Won,2018
Animated Feature Film,The Boss Baby,Tom McGrath and Ramsey Naito,Lost,2018
Animated Feature Film,The Breadwinner,Nora Twomey and Anthony Leo,Lost,2018
Animated Feature Film,Ferdinand,Carlos Saldanha and Lori Forte,Lost,2018
Animated Feature Film,Loving Vincent,"Dorota Kobiela, Hugh Welchman and Ivan Mactaggart",Lost,2018
Cinematography,Blade Runner 2049,Roger A. Deakins,Won,2018
Cinematography,Darkest Hour,Bruno Delbonnel,Lost,2018
Cinematography,Dunkirk,Hoyte van Hoytema,Lost,2018
Cinematography,Mudbound,Rachel Morrison,Lost,2018
Cinematography,The Shape of Water,Dan Laustsen,Lost,2018
Costume Design,Phantom Thread,Mark Bridges,Won,2018
Costume Design,Beauty and the Beast,Jacqueline Durran,Lost,2018
Costume Design,Darkest Hour,Jacqueline Durran,Lost,2018
Costume Design,The Shape of Water,Luis Sequeira,Lost,2018
Costume Design,Victoria & Abdul,Consolata Boyle,Lost,2018
Directing,The Shape of Water,Guillermo del Toro,Won,2018
Directing,Dunkirk,Christopher Nolan,Lost,2018
Directing,Get Out,Jordan Peele,Lost,2018
Directing,Lady Bird,Greta Gerwig,Lost,2018
Directing,Phantom Thread,Paul Thomas Anderson,Lost,2018
Documentary (Feature),Icarus,Bryan Fogel and Dan Cogan,Won,2018
Documentary (Feature),Abacus: Small Enough to Jail,"Steve James, Mark Mitten and Julie Goldman",Lost,2018
Documentary (Feature),Faces Places,"Agnès Varda, JR and Rosalie Varda",Lost,2018
Documentary (Feature),Last Men in Aleppo,"Feras Fayyad, Kareem Abeed and Søren Steen Jespersen",Lost,2018
Documentary (Feature),Strong Island,Yance Ford and Joslyn Barnes,Lost,2018
Documentary (Short Subject),Heaven Is a Traffic Jam on the 405,Frank Stiefel,Won,2018
Documentary (Short Subject),Edith+Eddie,Laura Checkoway and Thomas Lee Wright,Lost,2018
Documentary (Short Subject),Heroin(e),Elaine McMillion Sheldon and Kerrin Sheldon,Lost,2018
Documentary (Short Subject),Knife Skills,Thomas Lennon,Lost,2018
Documentary (Short Subject),Traffic Stop,Kate Davis and David Heilbroner,Lost,2018
Film Editing,Dunkirk,Lee Smith,Won,2018
Film Editing,Baby Driver,Paul Machliss and Jonathan Amos,Lost,2018
Film Editing,"I, Tonya",Tatiana S. Riegel,Lost,2018
Film Editing,The Shape of Water,Sidney Wolinsky,Lost,2018
Film Editing,"Three Billboards outside Ebbing, Missouri",Jon Gregory,Lost,2018
Foreign Language Film,A Fantastic Woman,Chile,Won,2018
Foreign Language Film,The Insult,Lebanon,Lost,2018
Foreign Language Film,Loveless,Russia,Lost,2018
Foreign Language Film,On Body and Soul,Hungary,Lost,2018
Foreign Language Film,The Square,Sweden,Lost,2018
Makeup and Hairstyling,Darkest Hour,"Kazuhiro Tsuji, David Malinowski and Lucy Sibbick",Won,2018
Makeup and Hairstyling,Victoria & Abdul,Daniel Phillips and Lou Sheppard,Lost,2018
Makeup and Hairstyling,Wonder,Arjen Tuiten,Lost,2018
Music (Original Score),The Shape of Water,Alexandre Desplat,Won,2018
Music (Original Score),Dunkirk,Hans Zimmer,Lost,2018
Music (Original Score),Phantom Thread,Jonny Greenwood,Lost,2018
Music (Original Score),Star Wars: The Last Jedi,John Williams,Lost,2018
Music (Original Score),"Three Billboards outside Ebbing, Missouri",Carter Burwell,Lost,2018
Music (Original Song),Remember Me,from Coco; Music and Lyric by Kristen Anderson-Lopez and Robert Lopez,Won,2018
Music (Original Song),Mighty River,"from Mudbound; Music and Lyric by Mary J. Blige, Raphael Saadiq and Taura Stinson",Lost,2018
Music (Original Song),Mystery Of Love,from Call Me by Your Name; Music and Lyric by Sufjan Stevens,Lost,2018
Music (Original Song),Stand Up For Something,from Marshall; Music by Diane Warren; Lyric by Lonnie R. Lynn and Diane Warren,Lost,2018
Music (Original Song),This Is Me,from The Greatest Showman; Music and Lyric by Benj Pasek and Justin Paul,Lost,2018
Best Picture,The Shape of Water,"Guillermo del Toro and J. Miles Dale, Producers",Won,2018
Best Picture,Call Me by Your Name,"Peter Spears, Luca Guadagnino, Emilie Georges and Marco Morabito, Producers",Lost,2018
Best Picture,Darkest Hour,"Tim Bevan, Eric Fellner, Lisa Bruce, Anthony McCarten and Douglas Urbanski, Producers",Lost,2018
Best Picture,Dunkirk,"Emma Thomas and Christopher Nolan, Producers",Lost,2018
Best Picture,Get Out,"Sean McKittrick, Jason Blum, Edward H. Hamm Jr. and Jordan Peele, Producers",Lost,2018
Best Picture,Lady Bird,"Scott Rudin, Eli Bush and Evelyn O'Neill, Producers",Lost,2018
Best Picture,Phantom Thread,"JoAnne Sellar, Paul Thomas Anderson, Megan Ellison and Daniel Lupi, Producers",Lost,2018
Best Picture,The Post,"Amy Pascal, Steven Spielberg and Kristie Macosko Krieger, Producers",Lost,2018
Best Picture,"Three Billboards outside Ebbing, Missouri","Graham Broadbent, Pete Czernin and Martin McDonagh, Producers",Lost,2018
Production Design,The Shape of Water,Production Design: Paul Denham Austerberry; Set Decoration: Shane Vieau and Jeffrey A. Melvin,Won,2018
Production Design,Beauty and the Beast,Production Design: Sarah Greenwood; Set Decoration: Katie Spencer,Lost,2018
Production Design,Blade Runner 2049,Production Design: Dennis Gassner; Set Decoration: Alessandra Querzola,Lost,2018
Production Design,Darkest Hour,Production Design: Sarah Greenwood; Set Decoration: Katie Spencer,Lost,2018
Production Design,Dunkirk,Production Design: Nathan Crowley; Set Decoration: Gary Fettis,Lost,2018
Short Film (Animated),Dear Basketball,Glen Keane and Kobe Bryant,Won,2018
Short Film (Animated),Garden Party,Victor Caire and Gabriel Grapperon,Lost,2018
Short Film (Animated),Lou,Dave Mullins and Dana Murray,Lost,2018
Short Film (Animated),Negative Space,Max Porter and Ru Kuwahata,Lost,2018
Short Film (Animated),Revolting Rhymes,Jakob Schuh and Jan Lachauer,Lost,2018
Short Film (Live Action),The Silent Child,Chris Overton and Rachel Shenton,Won,2018
Short Film (Live Action),DeKalb Elementary,Reed Van Dyk,Lost,2018
Short Film (Live Action),The Eleven O'Clock,Derin Seale and Josh Lawson,Lost,2018
Short Film (Live Action),My Nephew Emmett,"Kevin Wilson, Jr.",Lost,2018
Short Film (Live Action),Watu Wote/All of Us,Katja Benrath and Tobias Rosen,Lost,2018
Sound Editing,Dunkirk,Richard King and Alex Gibson,Won,2018
Sound Editing,Baby Driver,Julian Slater,Lost,2018
Sound Editing,Blade Runner 2049,Mark Mangini and Theo Green,Lost,2018
Sound Editing,The Shape of Water,Nathan Robitaille and Nelson Ferreira,Lost,2018
Sound Editing,Star Wars: The Last Jedi,Matthew Wood and Ren Klyce,Lost,2018
Sound Mixing,Dunkirk,"Gregg Landaker, Gary A. Rizzo and Mark Weingarten",Won,2018
Sound Mixing,Baby Driver,"Julian Slater, Tim Cavagin and Mary H. Ellis",Lost,2018
Sound Mixing,Blade Runner 2049,"Ron Bartlett, Doug Hemphill and Mac Ruth",Lost,2018
Sound Mixing,The Shape of Water,"Christian Cooke, Brad Zoern and Glen Gauthier",Lost,2018
Sound Mixing,Star Wars: The Last Jedi,"David Parker, Michael Semanick, Ren Klyce and Stuart Wilson",Lost,2018
Visual Effects,Blade Runner 2049,"John Nelson, Gerd Nefzer, Paul Lambert and Richard R. Hoover",Won,2018
Visual Effects,Guardians of the Galaxy Vol. 2,"Christopher Townsend, Guy Williams, Jonathan Fawkner and Dan Sudick",Lost,2018
Visual Effects,Kong: Skull Island,"Stephen Rosenbaum, Jeff White, Scott Benza and Mike Meinardus",Lost,2018
Visual Effects,Star Wars: The Last Jedi,"Ben Morris, Mike Mulholland, Neal Scanlan and Chris Corbould",Lost,2018
Visual Effects,War for the Planet of the Apes,"Joe Letteri, Daniel Barrett, Dan Lemmon and Joel Whist",Lost,2018
Writing (Adapted Screenplay),Call Me by Your Name,Screenplay by James Ivory,Won,2018
Writing (Adapted Screenplay),The Disaster Artist,Screenplay by Scott Neustadter & Michael H. Weber,Lost,2018
Writing (Adapted Screenplay),Logan,Screenplay by Scott Frank & James Mangold and Michael Green; Story by James Mangold,Lost,2018
Writing (Adapted Screenplay),Molly's Game,Written for the screen by Aaron Sorkin,Lost,2018
Writing (Adapted Screenplay),Mudbound,Screenplay by Virgil Williams and Dee Rees,Lost,2018
Writing (Original Screenplay),Get Out,Written by Jordan Peele,Won,2018
Writing (Original Screenplay),The Big Sick,Written by Emily V. Gordon & Kumail Nanjiani,Lost,2018
Writing (Original Screenplay),Lady Bird,Written by Greta Gerwig,Lost,2018
Writing (Original Screenplay),The Shape of Water,Screenplay by Guillermo del Toro & Vanessa Taylor; Story by Guillermo del Toro,Lost,2018
Writing (Original Screenplay),"Three Billboards outside Ebbing, Missouri",Written by Martin McDonagh,Lost,2018
Actor in a Leading Role,Vice,Christian Bale,Won,2019
Actor in a Leading Role,A Star Is Born,Bradley Cooper,Lost,2019
Actor in a Leading Role,At Eternity's Gate,Willem Dafoe,Lost,2019
Actor in a Leading Role,Bohemian Rhapsody,Rami Malek,Lost,2019
Actor in a Leading Role,Green Book,Viggo Mortensen,Lost,2019
Actor in a Supporting Role,Green Book,Mahershala Ali,Won,2019
Actor in a Supporting Role,BlacKkKlansman,Adam Driver,Lost,2019
Actor in a Supporting Role,A Star Is Born,Sam Elliott,Lost,2019
Actor in a Supporting Role,Can You Ever Forgive Me?,Richard E. Grant,Lost,2019
Actor in a Supporting Role,Vice,Sam Rockwell,Lost,2019
Actress in a Leading Role,Roma,Yalitza Aparicio,Won,2019
Actress in a Leading Role,The Wife,Glenn Close,Lost,2019
Actress in a Leading Role,The Favourite,Olivia Colman,Lost,2019
Actress in a Leading Role,A Star Is Born,Lady Gaga,Lost,2019
Actress in a Leading Role,Can You Ever Forgive Me?,Melissa McCarthy,Lost,2019
Actress in a Supporting Role,Vice,Amy Adams,Won,2019
Actress in a Supporting Role,Roma,Marina de Tavira,Lost,2019
Actress in a Supporting Role,If Beale Street Could Talk,Regina King,Lost,2019
Actress in a Supporting Role,The Favourite,Emma Stone,Lost,2019
Actress in a Supporting Role,The Favourite,Rachel Weisz,Lost,2019
Animated Feature Film,Incredibles 2,"Brad Bird, John Walker and Nicole Paradis Grindle",Won,2019
Animated Feature Film,Isle of Dogs,"Wes Anderson, Scott Rudin, Steven Rales and Jeremy Dawson",Lost,2019
Animated Feature Film,Mirai,Mamoru Hosoda and Yuichiro Saito,Lost,2019
Animated Feature Film,Ralph Breaks the Internet,"Rich Moore, Phil Johnston and Clark Spencer",Lost,2019
Animated Feature Film,Spider-Man: Into the Spider-Verse,"Bob Persichetti, Peter Ramsey, Rodney Rothman, Phil Lord and Christopher Miller",Lost,2019
Cinematography,Cold War,Łukasz Żal,Won,2019
Cinematography,The Favourite,Robbie Ryan,Lost,2019
Cinematography,Never Look Away,Caleb Deschanel,Lost,2019
Cinematography,Roma,Alfonso Cuarón,Lost,2019
Cinematography,A Star Is Born,Matthew Libatique,Lost,2019
Costume Design,The Ballad of Buster Scruggs,Mary Zophres,Won,2019
Costume Design,Black Panther,Ruth Carter,Lost,2019
Costume Design,The Favourite,Sandy Powell,Lost,2019
Costume Design,Mary Poppins Returns,Sandy Powell,Lost,2019
Costume Design,Mary Queen of Scots,Alexandra Byrne,Lost,2019
Directing,BlacKkKlansman,Spike Lee,Won,2019
Directing,Cold War,Paweł Pawlikowski,Lost,2019
Directing,The Favourite,Yorgos Lanthimos,Lost,2019
Directing,Roma,Alfonso Cuarón,Lost,2019
Directing,Vice,Adam McKay,Lost,2019
Documentary (Feature),Free Solo,"Elizabeth Chai Vasarhelyi, Jimmy Chin, Evan Hayes and Shannon Dill",Won,2019
Documentary (Feature),"Hale County This Morning, This Evening","RaMell Ross, Joslyn Barnes and Su Kim",Lost,2019
Documentary (Feature),Minding the Gap,Bing Liu and Diane Quon,Lost,2019
Documentary (Feature),Of Fathers and Sons,"Talal Derki, Ansgar Frerich, Eva Kemme and Tobias N. Siebert",Lost,2019
Documentary (Feature),RBG,Betsy West and Julie Cohen,Lost,2019
Documentary (Short Subject),Black Sheep,Ed Perkins and Jonathan Chinn,Won,2019
Documentary (Short Subject),End Game,Rob Epstein and Jeffrey Friedman,Lost,2019
Documentary (Short Subject),Lifeboat,Skye Fitzgerald and Bryn Mooser,Lost,2019
Documentary (Short Subject),A Night at The Garden,Marshall Curry,Lost,2019
Documentary (Short Subject),Period. End of Sentence.,Rayka Zehtabchi and Melissa Berton,Lost,2019
Film Editing,BlacKkKlansman,Barry Alexander Brown,Won,2019
Film Editing,Bohemian Rhapsody,John Ottman,Lost,2019
Film Editing,The Favourite,Yorgos Mavropsaridis,Lost,2019
Film Editing,Green Book,Patrick J. Don Vito,Lost,2019
Film Editing,Vice,Hank Corwin,Lost,2019
Foreign Language Film,Capernaum,Lebanon,Won,2019
Foreign Language Film,Cold War,Poland,Lost,2019
Foreign Language Film,Never Look Away,Germany,Lost,2019
Foreign Language Film,Roma,Mexico,Lost,2019
Foreign Language Film,Shoplifters,Japan,Lost,2019
Makeup and Hairstyling,Border,Göran Lundström and Pamela Goldammer,Won,2019
Makeup and Hairstyling,Mary Queen of Scots,"Jenny Shircore, Marc Pilcher and Jessica Brooks",Lost,2019
Makeup and Hairstyling,Vice,"Greg Cannom, Kate Biscoe and Patricia DeHaney",Lost,2019
Music (Original Score),Black Panther,Ludwig Goransson,Won,2019
Music (Original Score),BlacKkKlansman,Terence Blanchard,Lost,2019
Music (Original Score),If Beale Street Could Talk,Nicholas Britell,Lost,2019
Music (Original Score),Isle of Dogs,Alexandre Desplat,Lost,2019
Music (Original Score),Mary Poppins Returns,Marc Shaiman,Lost,2019
Music (Original Song),All The Stars,"from Black Panther; Music by Mark Spears, Kendrick Lamar Duckworth and Anthony Tiffith; Lyric by Kendrick Lamar Duckworth, Anthony Tiffith and Solana Rowe",Won,2019
Music (Original Song),I'll Fight,from RBG; Music and Lyric by Diane Warren,Lost,2019
Music (Original Song),The Place Where Lost Things Go,from Mary Poppins Returns; Music by Marc Shaiman; Lyric by Scott Wittman and Marc Shaiman,Lost,2019
Music (Original Song),Shallow,"from A Star Is Born; Music and Lyric by Lady Gaga, Mark Ronson, Anthony Rossomando and Andrew Wyatt",Lost,2019
Music (Original Song),When A Cowboy Trades His Spurs For Wings,from The Ballad of Buster Scruggs; Music and Lyric by David Rawlings and Gillian Welch,Lost,2019
Best Picture,Black Panther,"Kevin Feige, Producer",Won,2019
Best Picture,BlacKkKlansman,"Sean McKittrick, Jason Blum, Raymond Mansfield, Jordan Peele and Spike Lee, Producers",Lost,2019
Best Picture,Bohemian Rhapsody,"Graham King, Producer",Lost,2019
Best Picture,The Favourite,"Ceci Dempsey, Ed Guiney, Lee Magiday and Yorgos Lanthimos, Producers",Lost,2019
Best Picture,Green Book,"Jim Burke, Charles B. Wessler, Brian Currie, Peter Farrelly and Nick Vallelonga, Producers",Lost,2019
Best Picture,Roma,"Gabriela Rodríguez and Alfonso Cuarón, Producers",Lost,2019
Best Picture,A Star Is Born,"Bill Gerber, Bradley Cooper and Lynette Howell Taylor, Producers",Lost,2019
Best Picture,Vice,"Dede Gardner, Jeremy Kleiner, Adam McKay and Kevin Messick, Producers",Lost,2019
Production Design,Black Panther,Production Design: Hannah Beachler; Set Decoration: Jay Hart,Won,2019
Production Design,The Favourite,Production Design: Fiona Crombie; Set Decoration: Alice Felton,Lost,2019
Production Design,First Man,Production Design: Nathan Crowley; Set Decoration: Kathy Lucas,Lost,2019
Production Design,Mary Poppins Returns,Production Design: John Myhre; Set Decoration: Gordon Sim,Lost,2019
Production Design,Roma,Production Design: Eugenio Caballero; Set Decoration: Bárbara Enríquez,Lost,2019
Short Film (Animated),Animal Behaviour,Alison Snowden and David Fine,Won,2019
Short Film (Animated),Bao,Domee Shi and Becky Neiman-Cobb,Lost,2019
Short Film (Animated),Late Afternoon,Louise Bagnall and Nuria González Blanco,Lost,2019
Short Film (Animated),One Small Step,Andrew Chesworth and Bobby Pontillas,Lost,2019
Short Film (Animated),Weekends,Trevor Jimenez,Lost,2019
Short Film (Live Action),Detainment,Vincent Lambe and Darren Mahon,Won,2019
Short Film (Live Action),Fauve,Jeremy Comte and Maria Gracia Turgeon,Lost,2019
Short Film (Live Action),Marguerite,Marianne Farley and Marie-Hélène Panisset,Lost,2019
Short Film (Live Action),Mother,Rodrigo Sorogoyen and María del Puy Alvarado,Lost,2019
Short Film (Live Action),Skin,Guy Nattiv and Jaime Ray Newman,Lost,2019
Sound Editing,Black Panther,Benjamin A. Burtt and Steve Boeddeker,Won,2019
Sound Editing,Bohemian Rhapsody,John Warhurst and Nina Hartstone,Lost,2019
Sound Editing,First Man,Ai-Ling Lee and Mildred Iatrou Morgan,Lost,2019
Sound Editing,A Quiet Place,Ethan Van der Ryn and Erik Aadahl,Lost,2019
Sound Editing,Roma,Sergio Díaz and Skip Lievsay,Lost,2019
Sound Mixing,Black Panther,"Steve Boeddeker, Brandon Proctor and Peter Devlin",Won,2019
Sound Mixing,Bohemian Rhapsody,"Paul Massey, Tim Cavagin and John Casali",Lost,2019
Sound Mixing,First Man,"Jon Taylor, Frank A. Montaño, Ai-Ling Lee and Mary H. Ellis",Lost,2019
Sound Mixing,Roma,"Skip Lievsay, Craig Henighan and José Antonio García",Lost,2019
Sound Mixing,A Star Is Born,"Tom Ozanich, Dean Zupancic, Jason Ruder and Steve Morrow",Lost,2019
Visual Effects,Avengers: Infinity War,"Dan DeLeeuw, Kelly Port, Russell Earl and Dan Sudick",Won,2019
Visual Effects,Christopher Robin,"Christopher Lawrence, Michael Eames, Theo Jones and Chris Corbould",Lost,2019
Visual Effects,First Man,"Paul Lambert, Ian Hunter, Tristan Myles and J.D. Schwalm",Lost,2019
Visual Effects,Ready Player One,"Roger Guyett, Grady Cofer, Matthew E. Butler and David Shirk",Lost,2019
Visual Effects,Solo: A Star Wars Story,"Rob Bredow, Patrick Tubach, Neal Scanlan and Dominic Tuohy",Lost,2019
Writing (Adapted Screenplay),The Ballad of Buster Scruggs,Written by Joel Coen & Ethan Coen,Won,2019
Writing (Adapted Screenplay),BlacKkKlansman,Written by Charlie Wachtel & David Rabinowitz and Kevin Willmott & Spike Lee,Lost,2019
Writing (Adapted Screenplay),Can You Ever Forgive Me?,Screenplay by Nicole Holofcener and Jeff Whitty,Lost,2019
Writing (Adapted Screenplay),If Beale Street Could Talk,Written for the screen by Barry Jenkins,Lost,2019
Writing (Adapted Screenplay),A Star Is Born,Screenplay by Eric Roth and Bradley Cooper & Will Fetters,Lost,2019
Writing (Original Screenplay),The Favourite,Written by Deborah Davis and Tony McNamara,Won,2019
Writing (Original Screenplay),First Reformed,Written by Paul Schrader,Lost,2019
Writing (Original Screenplay),Green Book,"Written by Nick Vallelonga, Brian Currie, Peter Farrelly",Lost,2019
Writing (Original Screenplay),Roma,Written by Alfonso Cuarón,Lost,2019
Writing (Original Screenplay),Vice,Written by Adam McKay,Lost,2019
